Sentence	Tokens
كتبت كوري شولمان, المساعدة الخاصة لأوباما في تدوينة نشرتها يوم الإثنين: "فيما الكثير من عمليات الانتقال الرقمي غير مسبوقة في الولايات المتحدة, فإن الانتقال السلمي للسلطة سبق له أن حدث".	177
بالنسبة إلى أولئك الذين يتابعون الانتقال الخاص بوسائل التواصل الاجتماعي في الكابيتول هيل, سيكون الأمر مختلفاً بعض الشيء.	116
لكن بعيداً عن كلامه السابق بشأن الحد من الهجرة, أعلن المرشح الجمهوري أنه كرئيس سيسمح "بأعدادٍ هائلة" من المهاجرين الشرعيين على أساس "نظام الجدارة".	144
قال للحشد الذي تجمع في أحد الملاعب الرياضية الخاصة بجامعة كارولينا الشمالية.	73
تمول النفقات الجديدة من خلال حساب كلينتون المصرفي الكبير.	53
إن ما تقوله وما تفعله... في الواقع, إنه أمرٌ لا يصدق.	54
الحد الأقصى المسموح به للشخص الواحد هو 5000 دولار.	48
في أوائل شهر تشرين الأول, استخدم الفريق الانتقالي ذات المكان للقاء جماعات الضغط التكنولوجية, بحضور ممثلين عن شركة "أوبر" وجمعية الفيلم الأمريكي وجمعية مستهلكي التكنولوجيا وغيرها.	181
كان من المقرر في الأصل أن يقام التجمع في نادي المتروبوليتان في واشنطن في شارع "إتش" الذي لا يبعد كثيراً.	103
لربما كان الزي الواجب ارتداؤه خانقاً زيادة عن اللزوم.	51
على سبيل المثال, بدلاً من تدريس المنهج العلمي كوحدة منفصلة, يتعلم الطلاب المحتوى العلمي من خلال التطبيق.	97
حصلوا على المعدل الوطني العام بالنسبة إلى الصف الرابع, وأفضل من المعدل الوطني العام بالنسبة إلى الصف الثامن.	99
على سبيل المقارنة, تكلف الأمر 103,7 مليون دولار أمريكي لبناء محطة مترو "نوما" البينية التي افتتحت عام 2004.	98
قال جو ستيرنليب, رئيس منطقة جورجتاون لتطوير الأعمال: "نواجه الكثير من المنافسة, ونرى أن بوسع النقل بالمرور أن يساعد".	113
تقدر دراسة الجدوى أن المسافرين سيستغرقون نحو أربع دقائق لعبور نهر بوتوماك على متن الجندول.	95
أخبر شاهد عيان الشرطة أن الضحية هاجم المشتبه به في شهر نيسان الماضي.	67
ثمة أوجه تشابهٍ هنا بين الألعاب وحياتنا اليومية.	49
وارتفعت تلك النسبة باطراد بمرور السنين ـ11 بالمئة فقط من إجمالي الأصوات طرحت يوم الانتخابات عام 1996 وفق مكتب الإحصاءـ ويبدو أنها من المرجح أن ترتفع مجدداً هذا العام.	162
قد يكون "خنزير" خنزيراً وحيداً, غير أنه لا يترك وحده أبداً.	67
قال ثاقب: "طلبنا المساعدة من الدول الأخرى كي نملأ حديقة الحيوان بأنواعٍ مختلفة من الحيوانات بما فيها الخنازير".	108
قال السيد بانفالكار أنه شعر ذات مرة أن عليهم ترك المبنى.	54
وجهت إليها التهمة أيضاً بمحاولة قتل ابنتها ذات العامين.	55
صرحت الشرطة أن المرأة قتلت أندريه برايس الثالث من خلال ضغط وجهه بفرشة هوائية في غرفة جلوسها قبل أن تحاول فعل ذات الشيء مع ابنتها.	132
سأدخل السجن في كل الأحوال, آمل أن الأمر كان يستحق.	51
بدأت أولى اليزيديات بالبكاء, ثم تبعتها إحدى صديقاتها.	57
وقع السيد أوزبورن عقداً مع وكالة استشارية أمريكية بعد أن صرف من عمله في تموز.	80
قال مايكل فالون أن تاريخ البدء بقطع الفولاذ سيسهم في تأمين استثمارات جديدة وحفظ مئات الوظائف المهارية حتى عام 2035.	115
أطلق وعد البحرية الملكية بإجراء ترتيبات جديدة لتأمين صناعة السفن في نهر كلايد قبل استفتاء استقلال اسكتلندا عام 2014.	116
ويتجلى هذا بأبهى صوره عندما يكون اسم الشخص الشهير نادراً جداً في البداية.	79
وبحلول عام 2007, وفي عز رواجه (ورواج نايتلي ربما), كان الاسم من بين أكثر 50 اسماً رواجاً, وكان الأطفال الذين يحملون اسم Keira أكثر بثلاث مرات منمن يحملون اسم Kiera.	153
ظنت الشركة الكورية في البداية أن اللوم يقع على عاتق خطأٍ في البطارية, واستبدلت بطارياتها الخاصة لتحل محل بطاريات الشركات الموردة.	129
أشار العديد من المحللين أن هواوي في موقعٍ مثاليٍ للاستفادة من كبوة سامسونغ.	75
تفتقد هواتف "ميت 9" واجهة ذكاء صناعي تفاعلية مثل "غوغل أسيستانت" و "سيري" الخاصة بآبل.	87
لكن أحد خبراء السفريات نبه إلى أن الإنترنت خلال رحلات الطيران كان لا يعول عليه وكان من المستبعد أن يؤثر على اختيار المسافرين لشركات الطيران.	140
لكن قد يكون الأمر أن الخطوط الجوية البريطانية ومجموعة الخطوط الجوية الدولية (آي إيه جي) قررتا الانطلاق وتقديم شيءٍ يمكن الاعتماد عليه بعض الشيء.	144
قالت الشركة للبي بي سي أن أن المسؤولية تقع على عاتق كل شركة طيران لتحديد ما إذا كانت ستتقاضى رسوماً على استخدام الإنترنت.	129
قد يجد أغلب الناس أن "الواي-فاي" في المطارات أكثر فائدة من القدرة على إرسال الرسائل الإلكترونية داخل الطائرات.	106
أحياناً يكون أشبه بقوة عظمى.	36
يجني المشروع أمواله من خلال عقود الرعاية والإعلانات.	47
ستكون الدورة التي ستستمر مدة 10 أسابيع مصرحة من قبل الوكالة الاستخبارية البريطانية (مكاتب الاتصالات الحكومية البريطانية).	107
لكن بعض خبراء الأمن أثاروا تساؤلات بشأن الحاجة لهذه الدورة والغاية من ورائها.	76
لم ير الطائرات من قبل سوى بعض المدونين.	37
بطبيعة الحال, ستعرض الصين هذا الأسبوع العديد من القطع العسكرية الأخرى, من مروحيات هجومية وطائرات مائية.	98
ومع تأهب الصين لتكون أكبر سوقٍ في مجال الطيران في العالم خلال العقد المقبل, يشكل هذا المعرض فرصةً لبكين لتظهر طموحاتها في مجال الطيران المدني إلى جانب العكسري.	158
كتب جيسي لابروكا, مؤسس موقع "هاك فوروم" في رسالةٍ يشرح فيها سبب إقفال القسم: مجدداً للأسف, تفسد القلة الأمر على الكثرة.	126
من المرجح أن "الأحداث الأخيرة" هي هجمات 21 تشرين الأول والتي أوقفت عمل مواقع رائجة مؤقتاً مثل "ريديت" و"تويتر" و"سبوتيفاي" وغيرها.	130
تكشف التحليلات أن كميات تاريخية من البيانات كانت تستخدم لإحداث الاضطراب.	74
يقول تقرير الأمم المتحدة عن الخطط الوطنية للحد من انبعاثات الكربون أنها أقل من المستوى المطلوب للحفاظ على ارتفاع حرارة الأرض بمقدار أقل من درجتين مئويتين.	157
يقول العديد من العلماء أنه لا ضرورة إلى تقنيات تزيل الكربون من الجو من أجل تحقيق أهداف قمة باريس للمناخ.	104
قال إيريك سولهايم, رئيس برنامج الأمم المتحدة للبيئة: "نحن نسير على الدرب الصحيح. اتفاق باريس سيبطئ من التغير المناخي, كما أن تعديل كيغالي سيخفض من انبعاثات مركبات الكربون الهيدروكلورية فلورية".	194
ارتفعت الاستثمارات في هذا المجال ارتفعت بنسبة 6% عام 2015 لتصبح 221 مليار دولار أمريكي.	81
من الرائع أنهم توصلوا إلى اتفاق باريس, لكن إسهاماتهم في الوقت الحالي بعيدة كل البعد عن هدف الوصول إلى ارتفاع بمقدار درجة ونصف مئوية.	135
أجريت قبالة السواحل المكسيكية ما بين شهري نيسان وحزيران.	55
سيضع هذا قيوداً جديدة على طبيعة التغيرات المناخية التي ضربت كوكب الأرض وجلعت الكثير من الكائنات الحية ـلا الدينصورات فقطـ تنقرض.	129
من المرجح أن هذه المادة النيزكية غنية بعنصر الإيريديوم.	54
فقط 70% من النباتات التي زرعت من البذور الأرضية كانت حية بعد 17 يوماً, وهذه نسبة أكبر قليلاً من النباتات التي زرعت من البذور الفضائية والتي بلغت 66%.	133
تقدم النتائج المستخلصة من هذه التجربة تأكيداً إضافياً على أنه يمكن نقل البذور الصاروخية وتخزينها في المحطة الفضائية الدولية لمدة ستة أشهر من دون أن يكون لذلك أي تأثيرات كبيرة على قدرتها على الإنبات والنمو على الأرض.	226
جمعت الجمعية الملكية للبستنة تعليقات أرسلت من قبل تلاميذ ومدرسين شاركوا في التجربة.	82
وتقول: "لا يزال عامل القرف مخيماً على فكرة شراء وارتداء أجزاءً من جسد شخصٍ آخر".	87
وتشرح تارلو: "عادةً ما يتم في الصين وضع الشعر في أحواضٍ كيميائية لإزالة أي أثرٍ للقشور الجلدية".	100
تقول تارلو: "على مر التاريخ, كان لسوق الشعر دوماً بعداً سياسياً".	66
ويقول التقرير: "نطبق اليوم عقوبات باستخدام ضوءٍ قوي".	55
وقد طبقت شرطة مرور شينجن عقوبات غير تقليدية قبل ذلك.	58
من يكونون؟	12
الكثير من النقاش عند الجانب الديمقراطي يدور حول هوية الذكر الأبيض.	63
سألتها بعد ذلك إن كانت تفهم السبب الذي قد يدعو الناس للتصويت لصالح ترامب.	73
لا يمكن للجميع أن يترفعوا عن الأمر.	37
يقول بال: "لحسن الحظ, قال أحدهم في سوني أستراليا: 'بالمناسبة, هل لاحظتم هذا؟'".	78
تصدر سيغال عنواين الصحف عندما وصف تحرك روسيا في شبه جزيرة القرم عندما ضمتها عام 2014 بالمعقول جداً.	101
عازف جيتارٍ موهوب, وقد عزف في حفلٍ هناك في ذات العام.	57
قام سيغال التي كانت جدته من مدينة فلاديفوستوك في أقصى شمال روسيا بزياراتٍ متكررة لروسيا خلال السنوات الأخيرة, وزار كامشاتكا وسخالين في أيلول الماضي.	147
حصل سيغال في وقتٍ سابق من هذا العام على الجنسية الصربية بعد أن عرض تأسيس مدرسة فنون قتالية في العاصمة بلغراد.	109
وقال متحدثٌ باسم الشرطة لوكالة أسوشييتد برس أنه حدث "تبادل للألفاظ" تبعته مشاجرة, لكن لم تسجل إصابات.	109
يقال أن كوارون, الذي فاز فيلمه الأخير "غرافيتي" بعدة جوائز أوسكار, لم يكن في موقع التصوير وقت الحادثة.	104
بحسب إدارة شرطة المدينة أن شجاراً نشب بعدما وصل "مجموعة كبيرة من الناس... عرفوا عن أنفسهم بأنهم من السلطات المحلية" إلى موقع التصوير يوم الثلاثاء.	143
يدرس الباحثون إمكانية صنع موانع حمل هرمونية خاصة بالذكور منذ نحو 20 عاماً.	74
وأضاف: "إنها خطوة واحدة في طريقٍ طويلٍ للعثور على التركيبة الصحيحة لموانع الحمل الهرمونية الخاصة بالذكور.	110
غير أن هناك العديد من أعضاء الهيئة التشريعية ممن يحملون معتقدات دينية راسخة ويعارضون أي تشريعٍ جديد.	101
يقول الباحثون أن تحليل الحمض النووي الريبي منقوص الأكسجين الخاص بالورم قد يساعد على تفسير الأسباب الكامنة وراء أنواعٍ أخرى من السرطان.	131
ويظهر التحليل وجود صلة مباشرة بين عدد السجائر التي يدخنها المرء في حياته وعدد الطفرات التي أصابت الحمض النووي الريبي منقوص الأكسجين الخاص بالورم.	135
ومع ذلك, لم يتمكنوا من العثور على ذات النسق في أنسجة مثل المثانة, والتي لم تتعرض بشكل مباشر.	92
تلقت الآنسة بيو العلاج في مستشفيي بابوورث وآدنبروك في كامبريدجشير.	69
لكن الفحص أظهر أن الورم في رئة الآنسة بيو اليمنى يكبر, فكان عليها أن تترك التجربة.	84
إذا ما أصبح ترامب رئيساً, سيظل على الحكومة هنا العمل معه لدفع جدول الأعمال المشترك أياً كان لضمان أن الشركات والمصالح الكندية ممثلة في واشنطن.	145
وسوف يوجه ترودو تلك الدعوة إلى الرئيس الخامس والأربعين للولايات المتحدة بصرف النظر عنمن سيكون.	94
بالرغم من نشر صورة هذا الصباح, تقول شرطة بريتيش كولومبيا أن لديهم أسئلة أكثر مما لديهم أجوبة بشأن رجلٍ متشرد اتهم بطعن فتاة مراهقة حتى الموت في مدرستها مدرسة آبوستفورد الثانوية.	185
قالت شرطة بريتيش كولومبيا في وقتٍ سابق أنه لا يبدو أن لدى كلاين تاريخاً إجرامياً ونشرت تفاصيل مبهمة عن أماكن وجوده في الفترة الأخيرة.	142
قالت: "لا نعتقد أن للمشتبه به علاقةً بهذه المدرسة أو بالفتاتين أو بمنطقة آبوستفورد بالتحديد".	97
قال أيضاً أن كلاين كان كتوماً وغير متعاون وغير راغب بأن يخرج من زنزانته الموجودة تحت المحكمة لحضور جلسة محاكمته.	120
تقول الجمعية التي تمثل وكلاء العقارات في أونتاريو أن هناك الكثير مما يجب فعله لحماية الزبائن ومعاقبة الوكلاء الذين انخرطوا في سلوكٍ منافٍ للأخلاق.	151
كما أنه يرغب أن يرى سلطاتٍ وصلاحياتٍ أكبر لمجلس العقارات في أونتاريو (ريكو) والذي ينظم عمل الوكلاء في المقاطعة.	116
في الوقت الحالي, فإن أكبر غرامة يمكن لمجلس (ريكو) أن يفرضها على أحد الوكلاء لا تزيد عن 25000 دولار.	101
لكن الطبقة الوسطى المتنامية في الصين بدأت برفع الصوت عالياً بشكلٍ غير معتاد في شكواها بشأن الأجواء السامة في المدن مثل بكين, والتي تبرز يوماً بعد يوم من خلال الضباب الدخاني الخانق للرئة.	184
وقال غويلبيو: "نشهد العديد والعديد من الدول, وخصوصاً الدول الكبيرة الجديدة المسببة للانبعاثات مثل البرازيل وجنوب أفريقيا والهند والصين, تشارك في لعب أدوارٍ في تقليل الانبعاثات".	165
يمكنه الانتظار حتى نهاية فترته الأولى من أجل استغلال بندٍ في اتفاقية قمة باريس للانسحاب منها.	97
في الوقت نفسه, تسعى كلينتون وحلفاؤها إلى إبقاء الأضواء مسلطة على ترامب, وعلى تصريحاته التي تحط من قدر النساء والأقليات, وشخصيته التي تجعله غير مؤهل للمنصب.	162
ليس هذا ما نحتاجه لبلادنا يا قوم.	34
ظهرت زوجة ترامب, ميلانيا ترامب, لأول مرة في الحملة منذ مؤتمر الحزب الجمهوري في تموز.	84
يقابل الطلاب أمثال راي مستشارين نفسيين في المدرسة من أجل الحديث عنما حدث, لكنها تقول أن السلوى الأكبر تأتي من رؤية أصدقائها.	128
قالت ميليس خلال مقابلة يوم الخميس مع قناة سي بي سي نيوز: "وهذه كارثة بالنسبة للمرضى المتألمين".	92
قالت ميليس: "لا يملك الأطباء تلك الأدوات, لديهم فقط كراس للوصفات الطبية وحقنة".	81
بدأ مدير التحقيق المستقل الخاص بشرطة أوتاريو جيري مكنيلي تحقيقه هذا الأسبوع بعد أن طرحت "أسئلة مقلقة" عن كيفية تعامل ضباط الشرطة مع السكان الأصليين.	154
يمر التحقيق أيضاً على المنشورات التحريضية في فيسبوك منذ شهر أيلول والتي يزعم أنها تصدر عن ضباطٍ شرطة في المدينة الواقعة شمال أونتاريو.	136
تلقى المديرون التنفيذيون أيضاً ما يسمى الدفع المرتبط بالأداء لقاء النجاح أو تجاوز التوقعات بحيث يتشاركون فيما بينهم مبلغاً وقدره 1,5 مليون دولار, أو ما يقدر ب15000 دولار كمعدل لكلٍ منهم.	188
تفوق ميزانيتها السنوية 1,4 مليار دولار, ويعمل فيها أكثر من 6000 موظف.	64
أعلنت الحكومة الفدرالية استباقياً عن الدفع المرتبط بالأداء ومستويات المكافآت لكل وزارة, لكن آخر منشور على الإنترنت يعود إلى 2013-2014, أي منذ عامين.	144
بلغ مجموع الدفع المرتبط بالأداء والمكافآت لذلك العام 1,5 مليون دولار, وهو ذات مجموع 2015-2016.	84
وقال غوميري الذي قاد لجنة التحقيق الخاصة بفضيحة الرعاية الاتحادية بين عامي 2004 و2006 أن هيئات كهذه ضرورية للمساعدة في استعادة ثقة الجمهور في سيادة القانون.	149
وقد أدى ذلك خلال اليومين الماضيين إلى اكتشاف أن ستة صحفيين آخرين من كيبيك كانوا هدفاً لعمليات مراقبة قادتها الشرطة المحلية.	129
وكتب في دليل الإرشادات: "لا يجب أن يكون هنا معاملة تفضيلية للحكومة أو أي مظهر من مظاهر المعاملة التفضيلية للأفراد أو المنظمات بسبب تقديمهم لتبرعات مالية للسياسيين أو للأحزاب السياسية".	186
حكم القاضي في قضية دافي الخاصة بالاحتيال وخيانة الأمانة بأن أفعاله كانت ضمن قوانين المجلس عندما دفع كل التهم عن دافي.	116
باتت هواتفنا المحمولة أكثر من مجرد هواتف هذه الأيام.	54
علقت إحدى مشتركات نظام الإنترنت غير المحدود من شركة ساسكتل قائلةً: "هذا مذهل".	82
أشار أيضاً أن شركة روجرز طرحت مؤخراً تطبيقاً جديداً يساعد العملاء على مراقبة مدى استخدامهم للإنترنت.	115
هذا ما يجعلنا نعود من أجل المزيد.	33
وتتزامن هذه التقديرات مع النسب المئوية للشقق الجديدة التي تدخل سوق الإيجارات عند انتهائها, مما يدل على الدور المهم الذي يلعبه المستثمرون (المحليون) في خطة النمو في سوق العقارات.	168
يقول ديتريش من مقر الشركة في دنفر, كولورادو حيث يباع الحشيش بشكلٍ قانوني: "تساعد هذه السلالة على التخفيف من آلام الظهر, كما تساعد على التخفيف من الغثيان, ويجعلك هذا المنتج تنام في الليل".	190
لكن من دون إطارٍ تشريعي ومع الفكرة العميقة عن الحشيش كعلاج شعبي لتعديل المزاج, تركت الشركات في حيرة من أمرها.	110
الحديد عنصرٌ أساسي يحتاجه الجسم لإنتاج خضاب الدم وهو البروتين الموجود في كريات الدم الحمراء والمسؤول عن نقل الأكسجين إلى أنسجة الجسم.	130
فترة الانتظار الحالية هي ثمانية أسابيع.	37
تقول منظمة خدمات الدم الكندية (سي بي إس): "من الممكن للمرء أن يكون لديه مستويات طبيعية من خضاب الدم, لكن مع نقصٍ عام في الحديد".	122
إرشادات الحديد الجديدة تعني أن هناك حاجةً للمزيد من المتبرعين.	62
ما بدأ كتصوير روتيني بالموجات الفوق صوتية انتهى بأمرٍ شديد التعقيد عندما أبلغت الأم الحامل مارغريت بويمر من بلانو, تكساس أن جنينها الذي لم يولد بعد يعاني من حالة نادرة ويحتاج إلى عملية جراحية ليعيش.	200
الورم المسخي في العجزية العصعصية هو ورمٌ ينشأ قبل الولادة وينمو من عصعص الجنين.	76
هذا أكثر الأورام شيوعاً عند الأجنة, ويظهر في واحدٍ من كل 35000 مولود.	66
كانت في الـ84 من عمرها.	21
وصفها بأنها امرأة "مذهلة" و"محبة ورائعة" تركت بصمتها في عالم الأدب من خلال قصصها.	84
قالت ليف في مقابلة أجريت معها مؤخراً: "بعض الرجال يتمتعون بذلك وبونو أحد أولئك الرجال".	89
لم تتجاوز العشرين من عمرها فحسب, وها هي صوتٌ قويٌ ضد البلطجة ومع مساعدة الفتيات على تبني معاييرهن الخاصة للجمال.	110
قالت ليف: "دار صوتها حول العالم حرفياً".	38
ما أن نشرت الصور الرمنسية للحفلة, عجت مواقع التواصل الاجتماعي بالتعليقات, التي لم تكن إيجابية.	91
يرى الكثيرون بما فيهم مجموعات السكان الأصليين أنهم يستهينون بثقافة الأمم الأولى في كندا.	90
هدف هذه الجلسات للجنة الإذاعة والتلفزيون والاتصالات الكندية هو تطويق ردود الجمهور والجهات المعنية في القطاع.	105
وهذا لا ينطبق فقط على المحتوى الترفيهي, بل أيضاً على التعليم, والأبحاث العلمية, وـربما هذا الأهمـ على الخطاب السياسي.	121
على كل حال, الإنترنت ليس رفاهية, بل ضرورة.	42
وشكل الحطام حلقةً حول خط الاستواء الأرضي وتجمع في نهاية المطاف بفعل الجاذبية ليشكل القمر.	93
ومع ذلك, ظلت هناك أسئلة بلا إجابة.	38
في بلدة هيلزبورو, الواقعة على تخوم مدينة تشابل هيل, ألقى أحدهم قنبلة حارقة على مقر الحزب الجمهوري الشهر الماضي.	115
بعد أن مررت ولاية كارولينا الشمالية مشروع قانون تقييد حرية التصويت عام 2013, دار كامبل على الكنائس ليعلم الناس كيفية التعامل مع الصعوبات التي تواجه تسجيلهم.	142
يمكنه كشف تأثيرات الانتخابات حوله مع انفجار النزاع والتقاطع الغريب بين الأفكار الجديدة والقديمة.	97
التعارض بين البيانات الاقتصادية والخطاب السياسي أمرٌ مألوف, أو ينبغي أن يكون كذلك.	84
يحذر الاقتصاديون في الجمهوريين من أخذ هذه البيانات كدليلٍ على أن سياسة حزبهم الاقتصادية سيئة.	98
لا أعرف كيف كان نمو الناتج المحلي الإجمالي خلال إدارتي الرئيسين واشنطن ولينكولن, لكن كان للتطورات المؤسسية خلال تلك الفترتين تأثيراتٌ طويلة الأمد.	145
أوجه الاختلاف بين سولا وترامب, وبين روما والولايات المتحدة, أكثر من أوجه التشابه, لكن هذا لا يمنع من وجود تشابه.	111
وقد اعترفت قائلةً: "عليكم بالنظر إلى ما أقرت به بأننا نحتاج إلى شيءٍ مختلف ـيمكننا أن نقوم بعملٍ أفضلـ وإلى أنها أعربت عن أسفها".	146
لكن عندما أصبحت الانتقادات الموجهة إلى كلينتون كسيدة أولى لاذعة أكثر, غدت كاريل أكثر تعاطفاً.	102
شرح جون دي دومينيكو الذي يمثل شخصية دونالد ترامب قائلاً لمجلة سليت: "عندما ألعب دوره, أشعر بالقوة".	104
مع اشتداد هستيريا انتخابات عام 2016, يشغل بال كاريل تهديداً أكثر إزعاجاً من هذا الهراء.	88
هم عادةً فنانون يرغبون بفعل عدة أشياء.	42
ثم ينتهي الإعلان.	17
كان منتجو موسيقى ميامي بيس غير مهتمين بالمؤخرات المهتزة, وهذا قلقهم الأساسي.	76
في مقابلة أجريت مؤخراً, شرح زاي وزايون تسجيل نسختهما من أغنية "ناك إف يو باك" على جهاز حاسوب محمول منزلي.	115
لكن التحديات, والأغاني التي تحدثها, تضيف جهازاً عصبياً مترابط ويمكن تتبعه إلى حلقات الفيديو القصيرة الخاصة بالرقصات.	122
يؤكد إحياؤها استئناف التحدي الكبير, تحدٍ فني أو غير ذلك: إزعاج ونمو وارتباطٌ ذو مغزى.	93
رأى أفلاطون أن تسليم السلطة إلى أوصياء متعلمين كما يجب أكثر أماناً.	74
مثل الكثيرين منمن أعرفهم, قضيت الأشهر الأخيرة ساهراً حتى أوقاتٍ متأخرة أقرأ استطلاعات الرأي برعب.	106
يرفض كابلان التصويت بأثر رجعي, وينقل عن باحثين يصفان الأمر بأنه "لا يزيد عقلانية عن قتل الفرعون عندما لا يفيض نهر النيل".	127
لكن لم يكن لديها شيءٌ آخر خلاق فيها أو في سلوكها تجاه الآخرين.	70
عام 2010, أصدرت المؤسسة نسخة منضدة ومطبوعة من رواية "تسيتيلز تراوم", مزيلةً العوائق من أمام أولئك الذين عجزوا عن قراءة النسخة الأشبه بمسودة والمطبوعة عن طريق التصوير.	161
من خلال محادثة وودز عبر البريد الإلكتروني, حاولت أن لأول مرة أن أكشف عن أصول الكلمات.	86
ذكرت زوجته أليس: "كان يهمل صحته بشكلٍ كامل".	50
كل خريطة في المعرض تروي قصتها الخاصة, وليست كلها واقعية.	56
كما عرضت لأول مرة خرائط خاصة بوزارة الدفاع البريطانية التي تخيلت معارك الحرب الباردة والتي كانت تستخدم في امتحانات الكلية الحربية.	126
تقع الدائرة في مقاطعة نورث كيستيفين, حيث دعم 62% من المقترعين الخروج من الاتحاد الأوروبي.	84
مهارته في الحصول على إجابات من أجل دافعي الضرائب ستفتقد بشدة.	66
سيخوض كريستيان وولمار الذي ألف عدة كتب عن تاريخ السكك الحديدية غمار المنافسة في 1 كانون الأول.	92
يأمل حزب الديمقراطيين الأحرار الذي كان يمثل الحي الراقي حتى عام 2010 أن ينتزع المقعد مجدداً من خلال مرشحته سارة أولني.	114
في الوقت نفسه, أطلقت الزوجة المنفصلة عن مسؤولٍ حكومي حملتها الانتخابية للفوز بالمقعد.	91
كان لطيفاً إلى أقصى حد, وتقبل الأمر كالرجال, غضبي يتجاوز الحدود.	72
أكثر من 330 فرداً من الطاقم موجودون على متن السفينة.	50
أشار فيغا أنه بسبب أعمارهم الصغيرة, لن يكون الكثيرون منهم ملمين بتاريخها.	76
يقتل الناس هناك.	16
ستتوقف محطة الكهرباء التي تعمل بالفحم في باداربور جنوب شرق دلهي عن العمل لمدة 10 أيام, إلى جانب المولدات التي تعمل بالديزل في المدينة.	127
قضى أربع سنوات في إذاعة بي بي سي وورلد سيرفيس في مبنى بوش هاوس.	68
عمل لصالح بي بي سي لعقدٍ من الزمان.	36
حوى أحد منشوراتهم الفيسبوكية الحزينة على عبارة من شأنها أن تسعد كريس: "لم أعرف شخصاً أفريقياً أكثر منك".	115
من بوسعه إيقاف منتخب أستراليا هذا؟	37
هل بات حقهم الإلهي بارتداء عباءة أفضل فريقٍ في العالم غير مضمون؟	66
أمامهم عائقٌ واحدٌ للخلاص, التغلب إلى إنجلترا.	51
بات منتخب جنوب أفريقيا في نقطة اللاعودة وعلينا أن نكون قادرين على مجاراة رغبتهم.	84
لديه تلك الشراسة في اللعب, لكن يديه لطيفتان أيضاً.	53
لدينا فريقٌ رائع وإنها فرصةٌ بالنسبة إلينا لننطلق بسفينتنا.	65
عليك أن تقف في وجه ذلك وأنا أفضل أن يجري باتجاهي بدلاً من أن يلتف حولي.	80
بدا كما لو أنه ينقل الكرة ذهاباً وإياباً تحت ثلاثة أكواب مقلوبة.	68
كان المنتخب الأسترالي, الذي تمرس خلال مبارياته الأخيرة في بطولة الرغبي, أقوى وأسرع.	80
فوز دونالد ترامب سيثير قلق العالم مباشرة ويجعله أكثر اضطراباً مما هو عليه الآن.	80
السيدة كلينتون معروفة بطبيعتها المتشددة, لكن هذا سيخفف من قبل الرأي العام في الولايات المتحدة الذي أنهكته الحروب.	109
إنه يتحدث مؤيداً التعذيب.	28
أنا أيضاً أعاني مع كلمات المرور.	32
ثم هناك قصص يزعم أنها حقيقية تنشر برفقة سلسلة من الصور ذات المغزى التي تضم نصوصاً متحركة تحتها.	108
بالطبع, أنا أدرك تماماً أن علينا فصل ألمانيا المعاصرة عن النظام النازي.	69
في الركن تقف فتاةٌ ترتدي غطاء رأس وبنطال جينز وتبدو شديدة التواضع وأظن أن هذا أمر مساعدٌ آخر.	98
يتواصل الفنانون مع الناس بقلوبهم, إنها المرة الوحيدة التي نلتقي فيها في مكانٍ واحد وننحي خلافاتنا جانباً.	100
تتضمن جوائزه الأكثر غرابة جائزة السفير العالمي لهيئة الصحة والمستشفيات في مدينة نيويورك, ومقعد في كلية هارفرد للأعمال.	120
يمكنني فعل ذلك في حياتي اليومية.	32
أردت مشاهدته معهم, لكنهم قرروا في نهاية المطاف أنهم يريدون مشاهدته من دوني.	75
لا يمكننا أن نسمح للرئاسة أن تؤول إلى دونالد ترامب, إلى شخصٍ بهذه العنصرية وبهذا التمييز ضد النساء وغير مؤهل بتاتاً ليكون القائد الأعلى.	142
أعدادٌ متزايدة من الناس يتوجهون إلى الائتمان... فيما قد يكون من الممكن السيطرة على هذا الاقتراض الآن, فإن أي تغيير مفاجئ في الظروف قد يقود إلى مشاكل متعلقة بالديون.	164
وسببها هو أنها لا توفر الحماية الكافية للعمال الأمريكيين الذين قد تتأذى وظائفهم ومعيشتهم.	91
في هذا السياق, فإن شجب التجارة منطقي.	40
نظرياً, يمكن لزوجين أن يفتحا أربع حسابات "تسكو" وأن يكسبا 3% على 12000 جنيه إسترليني, أي 360 جنيه إسترليني.	108
في الوقت نفسه, فإن عملاء مصرف أسكتلندا يكسبون 3% على الأرصدة التي تبلغ ما بين 3000 و5000 جنيه إسترليني, عندما يضيفون خيال "الامتياز" المجاني إلى حساباتهم.	148
بهذا يمكنك من الناحية النظرية الوصول إلى أموالك وقتما تشاء.	59
تنطبق نسبة ال3% أيضاً على حاملي بطاقات "نكتار" الذين يتطلعون لاقتراض مبالغ ما بين 15001 جنيه إسترليني و19999 جنيه إسترليني خلال فترة تتراوح ما بين سنتين وثلاث سنوات.	160
الكبريت مادة مغذية مهمة للنباتات من أجل نموٍ صحي, لكن التربة في المملكة المتحدة تفتقر بشكلٍ طبيعيٍ إلى هذا المعدن المهم.	122
بالانتقال إلى عام 2016 ويلقى هذا المزيد من الاهتمام.	46
قد يثير الأمر الاستغراب, حتى غيوم الأمطار الحمضية لها فوائد.	61
قد يكون العالم سخيفاً ومثيراً للغضب, لكن يوجد شخصٌ على الأقل يحترم نفسه ويواصل الاحتجاج ضد تلك الحقيقة.	116
ينتهي بك المطاف إلى الاستماع بصورة أكثر حدة إلى الضوضاء التالية وتصبح أكثر غضباً عندما تبدأ.	99
هذا مريعٌ بكل تأكيد.	24
من الإنصاف القول أن روكو كاتالانو يعمل ويعيش ويتنفس أنماط الماضي.	63
أعتقد أنهما غمرا نفسيهما بالرسومات والألوان لهذا السبب.	55
عاد كاتالانو إلى المنطقة بعد أن عاش في لندن وغلاسكو, حيث درس تصميم المجوهرات في كلية غلاسكو للفنون.	103
يقول: "أحب الألوان الاستوائية".	29
يقول: "أزور صالات العرض في جامعة نورثامبتون لاستكشاف المواهب الجديدة".	70
لكن عندما اقترحت عليها أن تستعين بفرانكو كعارضٍ لها, ضحكت.	67
بطبيعة الحال, يظهر المكتب العديد من الملابس والقليل من الطعام.	53
تظهر وينتور ذاتها لفترة وجيزة, وقد صورت مرتدية نظارتها الشمسية قبل أن تجري مقابلة.	84
بحثت في منافسات الموتوكروس وكلما بحثت أكثر, ظل وجه تلك المرأة يظهر لي في الصور التي بحثت فيها وكأنها كانت صورٌ من السبعينيات.	129
أحب أن ألعب بذلك وأنا أبحث دوماً عن مصادر الوحي التي تفي بذلك الغرض لأنه من الرائع جداً أن أصنع مجموعةً عندما أجد مصدراً للوحي.	138
في أفضل الأحوال هي ساذجة وفي أسوئها سيسمح مجدداً بالخروج من المأزق.	74
صرح جيف نوت رئيس السياسات المتعلقة بالطبيعة لديهم: "سأصاب بالدهشة إذا ما نتج عن ذلك حظرٌ أو فرضت تراخيص".	112
أدى موقف الجمعية الملكية لحماية الطيور أيضاً إلى مواجهة مع العديد من أنصار حماية البيئة المهمين, من كاتب العريضة مارك آفري, إلى المقدم التلفزيوني كريس باكهام.	155
فلنقل أنه مخطئٌ فحسب.	27
وماذا عن وضع أستراليا؟	22
بهذا الصدد, ستكون هناك مسألة واحدة في جدول الأعمال يوم السبت, عندما تبدأ الدول المتقدمة بالتشكيك ببعضها البعض علناً بخصوص خططها وطموحاتها.	142
نقل عنه قوله: "إننا ندأب على التفكير بالسبل المتاحة للحد من الدعاوى القضائية لتقتصر فقط على أولئك الذين لديهم مكانة فعلية في أي مشروع".	139
قال مسؤولٌ أوروبي من دون تحديد أعداد: "أعداد سمك القد في البحر الكلتي تتدهور".	76
لكن سجل أيضاً انخفاضٌ كبير في سمك القد وسمك موسى وسمك موسى المفلطح وسمك المغريم وسمك البلوق في البحرين الكلتي والإيرلندي.	124
رحب أنصار حماية البيئة بتصريح اللجنة.	39
خمسون فقط كانت أسواقاً تجارية.	36
أضاف الدكتور لي: "كان لا يمكن الدخول إلى موقع آغورا سوى بدعوة, لكن يمكن الدخول بسهولة إلى الكثير من تلك الأسواق إذا كنت تعرف كيف تبحث".	146
لم تكن موجودة في أيامنا, ويعبر الذين ليس لديهم أطفالٌ من خلال رفضهم عن بغضهم الكبير للتربية المعاصرة.	101
لا أسميها وحشاً اعتباطاً.	28
اليوم الثالث, كنت عائدة على دراجة إي-ميكرو الصغيرة.	51
العالم ـوبالتالي المملكة المتحدةـ يواجه نقصاً في الذين يتمتعون بالمهارات اللازمة لإنشاء دفاعات فعالة.	97
قد تحاول الشركات إنشاء جدار حماية بين النظم الحساسة والقوى الخارجية, لكن هذا لا ينجح دائماً.	98
لكن يمكنهم على الأقل وضع شراك خادعة للردع والتشويش, وهذا مفهومٌ يعرف باسم "الدفاع النشط".	93
بعد أن اكتشفت نقاشاً غنياً على الإنترنت بشأن الموضوع, طالت لائحتي بشكلٍ كبيرٍ جداً وغطت كل ولايات الاتحاد تقريباً.	127
رصدت القليل منها.	16
محطتي التالية كانت بيلينغهام, المحاذية للحدود الكندية.	53
عدنا إلى القطار لنواصل رحلتنا جنوباً.	40
مررناعلى بلدة صغير ترتفع فيها مئذنتان.	42
في كل محطة, هناك حارسٌ يرتدي قبعة حمراء ويقف على منصة, وفاحصٌ للعجلات يجول على طول القطار حاملاً مطرقة يطرق بها بلطف على عجلات القطار.	153
بعد ذلك, جولة في السوق الصباحية (من 6:30 إلى 10:00 صباحاً): حلوى الأرز, وشرانق الدبابير (تعد الشرانق طعاماً شهياً), ورئة الثور, وقشور وأرواق شجر جوز الأريكا, والضفادع وأسماك السلور.	177
قد يكون هذا التدخل هو الأوسع من قبل بكين منذ تسلمها لهونغ كونع عام 1997 من المملكة المتحدة.	86
ويلزم القسم المشرعين أن يقسموا بالولاء لهونغ كونغ كجزءٍ من جمهورية الصين الشعبية.	83
حدث جدالٌ داخل حكومة هونغ كونغ التي يقودها مشرعون موالون لبكين بخصوص أنه لا ينبغي للزوجين أن يتبوأا المنصب.	116
قال: "ترى بكين أن تدخلها ضروري لمنع حدوث شلل تشريعي في المدينة".	65
وفي الوقت نفسه يبدو أن هونغ كونغ تستعد لموجة مظاهرات جديدة.	63
قال لبرنامج "آندرو مار" على بي بي سي: "آخر ما تريده الحكومة هو إقامة انتخابات عامة".	86
حلمه أن ينهي مسيرته المهنية هنا.	30
من السهل نسيان تعادلٍ في مباراةٍ كنت مسيطراً فيها, لكن أن يحدث ذلك ثلاث مرات متتالية فهذا يدل على وجود ضعف.	111
نشعر بالخيبة لأننا ضيعنا ست نقاط على أرضنا.	48
كان هذا هو الحال بكل تأكيد بالنسبة إلى آندي عندما لعب ضد بينوا بيير في مونت كارلو في نيسان الماضي.	98
لكن الآن بات كل شيء يفتقد إلى التوازن ويبدو أنه يبحث عن حلول طوال الوقت.	73
أتساءل أيضاً ما إذا كان كأس ديفيس قد لعب دوراً.	53
كشف المسح السنوي أن المخاوف بشأن تحمل أعباء مالية جديدة قد تصاعدت.	68
أضافت الآنسة هوبلي: "لا ينبغي للارتفاع الحاد في المخاطر السياسية أن يمر مرور الكرام".	81
خبر الغش الذي كانت تقوم به الشركة ـوالذي استمر على مدى سنواتـ كلف فولكسفاغن عشرات مليارات اليوروات من قيمتها وكلف المدير التنفيذي مارتن فينتركورن عمله.	153
كما عرض ذلك فولكسفاغن إلى طلبات بتعويضات هائلة وإجراءات قانونية ويعتقد أن ذلك قد يفوق 16 مليار يورو.	108
بدأ التحقيق في حزيران, مع التركيز على السيد فينتركورن ومدير العلامة التجارية هربرت ديس الذي بقي في شركة صناعة السيارات.	116
رقي إلى منصب رئيس مجلس الإدارة في تشرين الأول من عام 2015, الشهر التالي لاكتشاف الفضيحة.	85
كان من المتوقع أن تبدأ الشركات بالتعاقد في شهر تموز, مباشرةً بعد تصويت بريكزيت, لكن بدلاً من ذلك تمكنت من مواصلة النمو بشكلٍ مطرد.	136
توسعت أعمال البيع بالتجزئة والجملة مع حفاظ المتسوقين على تفاؤلهم, كما ازدهرت أيضاً شركات خدمات المستهلكين.	107
ستكون هناك حدودٌ لقدرته على الإنفاق, حيث أن الحكومة لا تزال تعاني من عجزٍ كبيرٍ في الميزانية.	102
ستتغير الكلفة شهرياً ومن المتوقع أن يرتفع السعر خلال الشتاء مع تزايد الاستخدام.	75
تبلغ كلفة التعرفة الثابتة لدى شركة "إي-أون" 760 جنيه إسترليني وسيدفع عملاء شركة "آفرو إنيرجي" نحو 760 جنيه إسترليني مقابل تعرفتها البسيطة والمختارة.	148
أم أنها تكلفة قياسية أو تعرفة مسبقة الدفع؟	46
يمكن للمستثمر ذي الحظ المتوسط وسندات بقيمة 10000 جنيه إسترليني أن يتوقع تحقيق مكاسب سنوية تبلغ 125 جنيه إسترليني.	111
إذا فعلوا ذلك, لن يكون من الممكن تمييز السندات الخاصة عن حسابات التوفير العادية.	77
تستخدم الأموال المستثمرة في السندات الخاصة وفي الحسابات الأخرى في مصرف "ناشيونال سيفينغز آند إنفستمنتس" تسهم في الإنفاق الحكومي.	127
هذا لم يمنع المستثمرين من الاندفاع لوضع أموالهم في الصناديق.	58
ويتبعه صندوق آفيفا إنفستورز متعدد الإستراتيجية ذو العائد والدخل المستهدف, الذي وضع فيه المستثمرون ملياري جنيه إسترليني و1,4 مليار جنيه إسترليني على التوالي.	149
هذا يعني أنها لم تستفد من الدفعة التي أحدثها انخفاض الجنيه الإسترليني للأصول الخارجية.	88
تساهم أديداس في تنظيف محيطات الأرض من خلال استخدام النفايات العائمة حول العالم في صنع الأحذية.	91
يمكن للمستهلك أن يعزز الطلب على التغيير.	43
وأورد تقريرٌ مهمٌ في كانون الثاني أن المحيطات ستحوي على كميات من البلاستيك أكثر من الأسماك بحلول عام 2050 ما لم يتخذ العالم إجراءات جذرية لمنع تسرب القمامة إلى البحار.	166
بعد إجراء جراحة عبقرية والكثير من التأهيل الصعب والقاسي, شفيت تماماً.	69
محذراً من أن هيئة الخدمات الصحية الوطنية ترزح تحت "ضغطٍ هائل", حث الناس على تحمل المزيد من المسؤولية من أجل صحتهم.	119
تعرض أربعة من كل 10 أشخاص بالغين للإصابة جراء الطقس السيئ, فيما يستخف تسعة من كل 10 أشخاص بمدى برودة الطقس في بريطانيا خلال الشتاء.	133
سيلعبون يوم السبت, 10 حزيران.	26
كان العام الماضي رائعاً, وأنا مستعدٌ للعودة ليكون عام 2017 أفضل.	61
بدأت في شركة شكسبير الملكية في منتصف الستينيات في دور إحدى رفقاء اللجوء في مسرحية مارات ساد.	96
الملابس معاصرة.	13
من أين تستمد كل هذه الطاقة؟ أو ذلك الصوت الذي يخرج قوياً بحيث يحدث موجة صادمة؟	87
تبرز عروق رقبتها بشكلٍ كبير, وترتعش يداها.	48
من يمكن أن يلوم من يتيح المجال لغليندا كي تؤدي بهذا الشكل الرائع؟	66
عمل في مجال الأخبار والشؤون اليومية في الإذاعة والتلفزيون لعقود.	62
من الناحية النظرية, إذا تم الأمر بالشكل الصحيح, سيكون غير قابل للكشف.	72
ضع الميكروفون.	15
وفقاً لتعداد المخرج نفسه, فهو قد أخرج ثمانية أفلام روائية حتى الآن.	74
تغيرت السينما بشكلٍ كبير بحيث تسببت هوليوود بنفور جمهور العائلات.	68
من وجهة نظر المخرج أن الفيلم ما هو إلا توازنٌ هشٌ بين الهتافات العائلية الصاخبة والدراما الاجتماعية القاسية.	101
فمن ناحية, هو يؤنس ويبهج القلب ببساطة وكأنه مصنوعٌ من أجل مشاهدته من بعد ظهر يوم الأحد.	89
وطبعاً هناك بوب, وهو مصدرٌ دائمٌ للترفيه.	46
فكانت النتيجة نجاحاً باهراً.	32
بالنسبة إلى الجمهور المعاصر, الذي لا يملك معظمه خبرةً بالجبهات الأمامية من الحروب, تنتمي أعمال دوس إلى عالمٍ لا يمكن تخيله.	120
لقصة دوس أيضاً جانبٌ بغيض مما جعلها أكثر جاذبية.	56
كان كل المسعفين مسلحين, إلا أنا.	32
عندما مات ميليكان, افترضنا أيضاً أنها آخر مرة سنرى فيها أودي المختل المضطرب.	79
هل المسلسل الثاني ناجحٌ حتى الآن؟	33
يقول تسيمر: "الأبطال الخارقون خارج ما يألفه البشر وهذا أيضاً كذلك, لذا عاملته كفيلمٍ درامي".	99
لكن أفعال كوتون الشريرة لم تظهر جراء نوعٍ من الرغبة القاهرة بالقتل.	66
ولدت كوتون في 31 تشرين الأول 1832 في إحدى القرى القريبة من سندرلاند.	63
قد لا يكون ذلك مهماً بما أنني أنزعج طويلاً من ذلك.	56
لم تعد خاصة بالسبعينيات, الصوف ـأو تغطية الأسطحـ عاد رائجاً من جديد.	73
كلف برج ساوث بانك, وهو أحد معالم لندن, مصممة الديكورات ريتشل وينهام لتصمم قسم العرض.	86
ترتبط النزعة اللمسية ارتباطاً وثيقاً بهوسنا المتنامي بصنع الأشياء.	66
بعد ذلك بسنتين, يحاكم جوتينغ, الذي بلغ الحادية والثلاثين من عمره الآن, أمام المحكمة العليا في هونغ كونغ, بتهمة قتل شخصين وبتهمة منع الدفن بشكل قانوني.	151
لا أدري لم اخترتها...	19
بعد سنتين وفي المحكمة العليا في هونغ كونغ, بدا جوتينغ في غاية الهدوء.	69
في النهاية, نادراً ما يقاس أداؤنا التنظيمي من خلال مدى الأمان لدينا أو عدد القواعد التي نتبعها.	88
نتيجة لذلك, فتح الكثيرون بريدهم الإلكتروني أو ضغطوا من دون تفكير على روابط ومرفقات من دون التفكير في عواقب ذلك.	122
أولاً, علينا أن نعلم الناس كيفية حماية أنفسهم بشكلٍ أفضل على الإنترنت.	77
أخيراً, علينا أن نسهل الأمر على الناس للإبلاغ عن المخالفات المشتبه فيها وعن رسائل البريد الإلكتروني الضارة.	103
أصبح الاقتراع, في عيون الإرهاب, الهدف السهل الجديد.	48
إنها مشكلة وجودية إلى أقصى حد تخص الأمنٍ القومي .	55
الثلاثاء هو يوم الخروج للاقتراع, لكنه لن يعني شيئاً إذا لم يكن اسم الناخب المسجل مدرجاً على القوائم.	104
عددٌ كبيرٌ من هؤلاء, في منطقة تشهد تنافساً شديداً, سيؤدي إلى فوضى في يوم الانتخاب.	92
كارولينا الشمالية هي حجر الأساس لهذه الانتخابات.	47
دونالد ترامب رجلٌ مغرور ومتغطرس ومتبجح لا يهمه سوى نفسه, كما أن مزاجه متقلب ولا يناسب الولايات المتحدة.	104
أكثر من 5,7 مليون من أهل فلوريدا ذهبوا إلى مراكز الاقتراع بالفعل بعد نحو أسبوعين من التصويت الشخصي المبكر.	105
جاء تقدم الحزب الجمهوري نتيجة الإقبال الكبير من المقترعين في الخارج, وقدرت أعدادهم بنحو 16500 في وقتٍ سابق من هذا الأسبوع.	118
أتحدث عن الانتحابات بالبطع, لا مسلسل "صراع العروش".	50
على مارتن أن ينتهي من الكتابين المتبقيين من سلسلته الشهيرة, واللذين يحملان عنوانين مبدئيين هما: "رياح الشتاء" و"حلم الربيع".	114
على الطلاب الهولنديين أن يقرروا ما إذا كانوا سيسوقون دراجتهم الكهربائية تجارياً.	81
قالت المتحدثة باسم هارلي-ديفيدسون أن الجداول الزمنية التي عرضتها وسائل الإعلام لعام 2017 أو 2020 ليست دقيقة.	98
ارتفعت العقود الآجلة للأسهم الأمريكية بأكثر من 1% إلى جانب الأسواق الأوروبية.	79
يبيع المستثمرون السندات الحكومية, والسندات الأمريكية والأسترالية هي الأكثر تأثراً.	79
يعود الفضل إليه في دعم الجهود الرامية إلى معالجة جبال الديون المتراكمة من قبل الحكومات المحلية في الصين.	94
لكن لم يظهر الأمر إلا عندما نبهت وكالة حماية البيئة الأمريكية بشأن المشكلة.	76
كانت شهية الصين الكبيرة للدجاج المقلي هي السبب الأساس الذي جعل المستثمرين يحبون سلسلة مطاعم "يم براندز" التابعة ل"كيه إف سي".	119
بمساعدة الاتحاد الأمريكي للحريات المدنية تحديا سلطات الولاية, وانتقلت قضيتهما في النهاية إلى المحكمة العليا الأمريكية.	114
كما يوضح الفيلم فإن الزوجين لوفينغ ـريتشارد بالتحديدـ شاركا في معارضة السيرورة التاريخية.	94
يبدأ فيلم "لوفينغ" وريتشارد ومليدريد زوجان بالفعل, ويمر على علاقةٍ رومانسية من الرائع رؤيتها ولو باختصار.	107
المشاهير والمعجبون وحتى مراسلي "سي إن إن" يرتدون ملابس شخصيات مسلسل "أشياء أكثر غرابة" خلال العطلة.	98
لم أكن قد شاهدت الكثير من الحلقات حتى بدأ هاتفي بالوميض.	59
كأحد أهم رجال نيغان (جيفري دين مورغان), لديه حرية التصرف في أمورٍ معينة.	76
نورمان أحد أقرب رفاقي إلي, لذا من السيئ جداً رؤيته في تلك الحالة العاطفية.	77
بعد الحلقات الجديدة يبث برنامج "الموتى المتكلمون".	48
قال بارات: "في المدن التي انطلقنا فيها أو التي لا زال فيها عملنا قيد الإنشاء, سيستمر عملنا"	86
قيل أن جهود الإنترنت هي الدافع الأساس للإنفاق الرأسمالي على الوحدة.	66
في الوقت الراهن, يتردد المحللون في شطب الخدمة بالنسبة إلى الأموات.	62
في هولندا, اتخذت السلطات تدابير تكنولوجية بسيطة لتتبع الطائرات من دون طيار.	78
أعلنت ميكروسوفت يوم الأربعاء عن برنامج محادثة جديد في العمل على وشك مزاحمة البرنامج الأكثر شعبية "سلاك".	106
ثمة أيضاً خيارٌ بإرسال رموز تعبيرية وملفات صور GIF متحركة وصور الميمات التهكمية والملصقات عبر منصة البرنامج مع ربطه بمنشورات تويتر الخاصة بك.	141
أبرزت هذه الخطوة رغبة الشركة بأن يبدأ المستخدمون بالنظر إلى منتجاتها على أنها أكثر من مجرد أدوات إنتاج.	111
لكن أحدث الجهود في لعبة المحادثة في مكان العمل جزءٌ من نزعة جماعية أكبر من قبل شركات التكنولوجيا.	101
إسنر, الذي أظهر بعضاً من أفضل مهاراته في التنس عندما عادل المباراة بمجموعة لكلٍ منهما, هنأه أيضاً.	102
وقال الأمريكي: "علي أن أهنئ آندي لتبوئه المركز الأول على العالم, فهذا إنجازٌ رائع".	83
تحايل شخصان للمشاركة في بطولة كوريا الشمالية للغولف, بحسب أخبار التاسعة في قناة بريزبان.	95
أستراليان, لا يجيدان لعب الغولف باعترافهما, تحايلا للمشاركة في بطولة غولف كبيرة في كوريا الشمالية.	103
كان بوسع سنومان أن يقفز فوق الأسوار العالية التي تفصل بين الحدائق, وكان دوما يعود إلى حيثما كان يشعر أنه موطنه.	115
كان يصول ويجول داخل إسطبلي فمازحت الرجل قائلاً من الواضح أنه لم يكن يرغب بأن يباع.	87
أضاف: "لم يكترث سنومان لجوني كارسون وهو يحضر سلم الصعود وتراجع ليواجهه".	75
كنت مجرد صبيٍ ذي حذاءٍ متسخ.	32
ليس هناك موكب عرض, ولم يكن هناك قط.	39
تأمل المكسيك في نهاية المطاف أن ينافس هذا الحدث كرنفال البرازيل.	65
تشرح أليخاندرا غونزاليز آنايا, وهي إحدى المخرجين الفنيين للموكب, ل"سي إن إن" عن سبب قرار المكسيك بأن الوقت قد حان لإطلاق مثل هكذا عرض.	145
قالت غونزاليز آنايا: "ثمة 1200 متطوع يعملون في مكوب العرض وحده".	59
من الرائع أن نتمكن من إنقاذ ذلك وإلباسه شكلاً جديداً وجعله تقليداً جديداً للمكسيكيين.	93
مع الانتهاء خط القطار المغناطيسي المعلق هذا, أعتقد أن الحكومة تتوقع نمواً اقتصادياً أكبر في اليابان.	103
تتيح تذكرة ساق "الفورمولا 1" دخول حاملها إلى الحفل في ذات اليوم.	66
الموقع الإلكتروني الخاص بحلبة ياس مارينا يحوي المواعيد المحددة.	60
لكل من يريد رؤية العاصمة في كامل أبهتها, تشرين الثاني هو الوقت الأنسب للذهاب.	75
كما أنها غذت ظهور الأبنية الحديثة الشاهقة, مثل ماها ناخون الخيالي, أطول مبنى في بانكوك.	88
لم تلق كل وسائل المواصلات في المنطقة نجاحاً.	44
بعمق 100 مترٍ (328 قدم) تحت الأرض, يعد مترو بيونغ يانغ أحد أكثر أنظمة المواصلات عمقاً في العالم.	94
تحدثت إلى برنامج "سي إن إن ستايل" بشأن التجربة.	51
رأيت في بيونغ يانغ أناساً يحملون هواتف ذكية, لكنهم كانوا أقل بكثير.	78
لكن يمكن للعمارة أن تبني جسراً بين الأحياء والأموات, وتطمس الحدود إلى حدٍ ما.	79
عندما يموت الناس جراء الشيخوخة في الهند, يفترض ذلك أن يكون مدعاةً للاحتفال.	76
يتمتع المبنى الحائز على جوائز والذي صممه خوان كارلوس سالاس بمظهرٍ أشبه بالتمثال وكل تفصيلٍ فيه يحمل معنى.	110
يقول: "لن تفيد العمارة الأموات, لكنها ستساهم في إبقاء ذكراهم حية بين الأحياء".	78
سمح الميثاق بإنشاء نقابةٍ للتجار يديرها مواطنو البلدة لفرض ضريبة على من يمر من منطقتهم.	92
إنها غنية بالمعادن, إذ تحوي احتياطات كبيرة من الذهب والألماس وفلزات المنغنيز والرصاص والزنك والنيكل والكوبالت والموليبدنوم.	117
في أقصى الشمال الغربي, تسود غابات التايغا الصنوبرية التي تغطي نسبة كبيرة من سيبيريا.	82
ستستضيف مدينة كراسنويارسك الألعاب الأولمبية الجامعية الشتوية لعام 2019.	65
ومثالها جزر لاين في المحيط الهادي وجزر المالديف في المحيط الهندي.	61
جزر غرانيتية تتضمن جزر سيشل وجزيرة تايومن وجزر بركانية مثل جزيرة سانت هيلينا.	86
من الأمثلة على الجزر الصحراوية تلك الجزر الصغيرة الموجودة قبالة سواحل باخا كاليفورنيا, المكسيك.	95
حافظت دولة مدينة أثينا الإغريقية في القرن الخامس قبل الميلاد, والتي كانت تعتمد على واردات الحبوب من سكيثيا, على تحالفات استراتيجية مع المدن التي كانت تسيطر على المضائق مثل المستعمرة الميغارية بيزنطة.	196
كان داريوس يرى أن الفضل الأكبر يعود للقائد ميغابازوس في تحقيق الانتصار في البلقان.	86
غزت القوات الأخمينية تراقيا والمدن الإغريقية الساحلية والبايونيين.	63
في نهاية المطاف, وبين عامي 512 و511 ق.م, أقر الملك المقدوني أمينتاس الأول بالهيمنة الأخمينية وسلم بلاده لتكون دولة تابعة للإمبراطورية الأخمينية الفارسية.	144
ضم الجيش الأخميني متعدد الأعراق الكثير من الجنود البلقانيين.	57
علاوةً على ذلك, حدثت حالات زواجٍ كثيرة بين النخب المقدونية والفارسية.	71
عام 1912 تأسست أول شركة إنتاج سينمائي (أثينا فيلم) تبعتها (آستي فيلم) عام 1916.	74
كان أكثر الأفلام نجاحاً عام 2007 هو إل غريكو, من إخراج يانيس ساماراغديس.	74
في تموز من عام 1918, وقعت المعاهدة بين فرنسا وموناكو, والتي قضت بحماية فرنسية محدودة على موناكو.	92
يتكون الجهاز التنفيذي من وزيرٍ للدولة كرئيسٍ للحكومة, والذي يرأس مجلساً حكومياً مكوناً من خمسة أعضاء.	109
تضم الشرطة وحدةً خاصة تسير دوريات وتراقب المراكب.	50
تشمل المشاريع الراهنة لاستصلاح الأراضي توسيع منطقة فونتفيل.	59
مع ذلك, ثمة اختلافات كبيرة في القوانين والإجراءات بين إيرلندا الشمالية وإنجلترا وويلز.	86
تصنيف بيرغيرون هو الأكثر قبولاً من بين جميع تصنيفات الكتل الهوائية.	70
بالرغم من أن تصنيف الكتل الهوائية استخدم بدايةً في التوقعات الجوية خلال الخمسينيات, بدأ خبراء المناخ بوضع بيانات مناخية إجمالية استناداً إلى هذه الفكرة عام 1973.	155
الرياح الموسمية رياحٌ تسود في فترةٍ معينة وتستمر لعدة أشهر, معلنةً دخول موسم الأمطار في الإقليم.	94
عبرت مجموعات متعددة من القبائل الجرمانية والقبائل السلافية الكبرى من مورافيا خلال عصر الهجرات قبل أن يتوطد فيها السلاف في القرن السادس الميلادي.	131
في نهاية القرن الثامن, أقيمت الإمارة المورافية على أراضي ما يعرف حالياً بمورافيا الجنوبية الشرقية وزاهوري في جنوب غرب سلوفاكيا وأجزاءٍ من النمسا السفلى.	153
في عام 833 م, أصبحت هذه دولة مورافيا العظمى بعد فتح إمارة نيترا (سلوفاكيا المعاصرة).	84
الملك الأول كان موجمير الأول (حكم ما بين 830-846).	44
غزا لودفيش الجرماني مورافيا واستبدل موجمير الأول بابن أخيه راستيز الذي أصبح القديس راستيسلاف.	97
بالإضافة إلى ذلك, يحدد النظام الأساسي انتخابات مجالس الأقاليم والمناطق الحضرية.	80
بالرغم من أن أيسلندا كانت تابعة سياسياً للدنمارك حتى تاريخٍ متقدم (1918), كان تأثير اللغة الدنماركية على اللغة الأيسلندية ضئيلاً جداً والاستعارات منها قليلة.	156
كما أن هناك لغات مشتقة من اللغة الفنلدنية, وقد تطورت بشكلٍ منفصل, وتعرف بالميانكيلي في السويد وبلغة كفين في النرويج.	120
يميز تعاقب الأحرف الساكنة كلاً من اللغة الفنلندية ولهجات السامي الشمالية, لكن هذا غير موجود في لهجات السامي الجنوبية, والتي يعتقد بأن لها تاريخاً لغوياً مختلفاً.	163
يعرف الجزء الشمالي من القوقاز باسم القوقاز الأمامي والجزء الجنوبي باسم عبر القوقاز.	81
الغلاف الجوي عبارة عن نظام فوضوي, يمكن لتغييرات صغيرة جداً في جزءٍ من هذا النظام أن تكبر ويكون لها تأثيراتٌ كبيرة على النظام ككل.	142
أثناء هطول الأمطار, تمتص قطرات الماء ثاني أكسيد الكربون من الجو المحيط وتفككه.	81
أحد الأمثلة الأخيرة على التحكم بالطقس كانت استعدادات الصين من أجل الألعاب الأولمبية الصيفية لعام 2008.	99
شكلتها قوى الصفائح التكتونية الأرضية التي كونت الصدع الشرق أفريقي, لتصبح شرق أفريقيا موطن جبل كليمنجارو وجبل كينيا, أطول قمتين في أفريقيا.	149
وقد نشر المذكورون أيضاً الإسلام في الحزام الساحلي, غير أن غالبية البانتو لم يحتكوا بالإسلام قط وظلوا أتباعاً للديانات الأفريقية التقليدية.	140
دمجت فرنسا الاقتصاد الكاميروني بالاقتصاد الفرنسي وحسنت البنية التحتية من خلال الاستثمارات الكبيرة والعمال المهرة, معدلةً نظام السخرة.	121
في 1 تشرين الأول من عام 1961, اتحدت الكاميرون الجنوبية البريطانية سابقاً مع الكاميرون الفرنسية وتشكلت جمهورية الكاميرون الاتحادية.	121
خلص تقرير وزارة العمل الخاص بأسوأ أشكال عمالة الأطفال إلى أن 56% من الأطفال الذين تتراوح أعمارهم بين الخامسة والرابعة عشرة كانوا أطفالاً عاملين وأن نحو 53% من الأطفال الذين تتراوح أعمارهم بين السابعة والرابعة عشرة جمعوا ما بين العمل والدراسة.	232
مناخ الساحل مشابهٌ لمناخ الصحراء الكبرى التي تحدها من الشمال, لكن بشكلٍ أقل حدة.	80
ما بين حزيران وآب من عام 2010 ضربت المجاعة منطقة الساحل.	50
توزعت الكثير من الحضارات القديمة حول سواحل البحر المتوسط, وكانت متأثرة بشكلٍ كبير بقربها من البحر.	98
لقد وفر طرق التجارة والاستعمار والحروب بالإضافة إلى الطعام (من صيد السمك وغيره من المأكولات البحرية) للعديد من المجتمعات عبر العصور.	125
بسبب اشتراكها في المناخ والجيولوجيا والمنافذ البحرية, تنحو الثقافات المتمركزة حول البحر المتوسط إلى أن تكون لديها ثقافةٌ وتاريخٌ متداخلين إلى حدٍ ما.	153
من أبرز الحضارات المتوسطية في العصر الكلاسيكي القديم كانت حضارة الإغريقية بدولها المدينية والحضارة الفينيقية, وقد استعمرت كلٌ منهما سواحل البحر المتوسط على نطاقٍ واسع.	166
لاحقاً, عندما أسس أغسطس الإمبراطورية الرومانية, كان الرومان يشيرون إلى البحر المتوسط بقولهم "ماري نوستروم" أو "بحرنا".	116
البليندليا هو ممرٌ مائيٌ محاط بالجزر الصخرية الصغيرة يبدأ بالقرب من مدينة كريستيانساند جنوب النرويج, ويمر ببلدة ليليساند.	118
بالدنماركية, تنطبق الكلمة أيضاً على البحيرات الضحلة.	55
مثل الأودية الخلالية, عادةً ما تكون بحيرات المياه العذبة عميقة.	61
كانوا يتناولون المشروبات الكحولية مثل الجعة وخمرة العسل والبيور (نبيذ فاكهة قوي), أما الأثرياء فالنبيذ المستورد.	105
مهما كانت القواعد, كانت المنازلات عادةً ما تنتهي بموت أحد فحلي الخيل.	67
تجمد بوغاز شلاي إلى حد الصلابة إلى جانب الأراضي الرطبة بين دانيفيركه وهوسوم خلال الشتاء القارس, فمباشرةً احتلت الأراضي الواقعة جنوب دانيفيركه من قبل الجيش الألماني المتقدم.	169
كان هذا التراجع بمثابة مفاجأة للجيش النمساوي-البروسي, ونجح كل الجيش الدنماركي تقريباً في إتمام الإخلاء.	106
لكن أسفر ذلك عن التخلي عن قطعٍ مهمة من المدفعية الثقيلة, وبقي سبب عدم استخدام السكة الحديدية المتجهة إلى فلنسبورغ بالصورة الصحيحة من أجل الإخلاء مثار جدلٍ تاريخي.	166
شكل خبر الانسحاب صدمةً بالنسبة إلى الرأي العام الدنماركي الذي كان يعتبر الدانيفيركه منيعة, وجرد الجنرال دي ميزا فوراً من سلطته.	122
وبقيت الدانيفيركه في حوزة الألمان منذ ذلك الحين.	49
زادت كمية البضائع المنقولة عبر الدانوب إلى نحو 100 مليون طن عام 1987.	60
يقع الجزء الأكبر من دلتا الدانوب في رومانيا (مقاطعة تولتشيا), في حين أن الجزء الشمالي عند الضفة اليسرى من فرع كيليا فيقع في أوكرانيا (أوديسا أوبلاست).	147
المناخ جافٌ جداً بحيث تعد هذه السهول أحياناً جزءاً من الصحراء الكبرى.	76
وتختلف عن الجزء الغربي من البلاد في أن أبرز تضاريسها غير موازية للساحل.	71
يقع شمال الجزائر في المنطقة المعتدلة ويتمتع بمناخٍ متوسطيٍ معتدل.	63
الأول والأهم كان نهر أوهايو الذي يصب في نهر المسيسيبي.	51
في خضم الصراع كان السؤال ما إذا كانت كانساس ستنضم إلى الاتحاد كولاية تمنع الرق أو كولاية تسمح به.	97
أظهر رد الفعل الوطني تجاه الأحداث في كانساس مدى عمق الانقسام الذي وصلت إليه البلاد.	81
بالنسبة إلى اللون, تظهر الأوراق تنوعاً كبيراً في درجات اللون الأخضر, من المائل إلى الصفرة وحتى المائل إلى الزرقة.	112
كان السكان الأصليون في الأمريكيتين يعتمدون عليه كجزءٍ أساسيٍ من علاجاتهم الطبية.	83
غالباً ما كانت تستخدم الكنائس في شمال غرب أوروبا وأوكرانيا أغصان الصفصاف بدلاً من سعف النخيل في طقوس أحد الشعانين.	119
تزود جبال الألب المناطق المنخفضة الأوروبية بمياه الشرب والري والطاقة الكهرومائية.	75
بالرغم من أن مساحتها تبلغ 11% فقط من مساحة أوروبا, تؤمن جبال الألب ما يصل إلى 90% من المياه إلى المناطق الأوروبية المنخفضة, بالأخص إلى المناطق القاحلة وخلال أشهر الصيف.	161
تعتمد مدنٌ مثل ميلان في 80 بالمئة من مياهها على مجاري المياه السطحية من جبل الألب.	74
تستخدم مياه الأنهار من قبل أكثر من 500 محطة طاقة كهرومائية تولد ما يصل إلى 2900 كيلوواط من الكهرباء.	94
تنبع أنهارٌ أوروبية كبرى من سويسرا, مثل الرايت والرون والإين والتيتشينو والبو, جميعها تنبع من الألب وتجري في الدول المجاورة لتصب في النهاية في بحر الشمال والبحر المتوسط والبحر الأدرياتيكي والبحر الأسود.	183
يطلق على العلم الذي يدرس البراكين اسم علم البراكين أو البركانيات.	62
تكون الماغما في غاية اللزوجة بسبب احتوائها على كميات كبيرة من السيليكا, لهذا لا تصل عادةً إلى السطح بل تبرد تحت الأرض.	121
لا تثور عادةً بشكلٍ كارثي.	32
يسبب الاحتباس الحراري تغيراتٍ في أنماط مواسم الأمطار.	51
تضم هوراً صغيراً لا يزال مملوءاً بالماء.	44
تم إعلانها كمحمية برية عام 1975.	29
تتواصل التحقيقات والبعثات الاستكشافية إلى الجزيرة.	52
من المحتمل أن مثل هذه المستوطنات بدأت عام 1000 ق.ب تقريباً, عندما توجه الميلانيزيون شمالاً.	89
خلال السنوات التي قضتها العائلة في كنتاكي و إنديانا, عمل توماس لينكولن كمزارع وصانع آثاث ونجار.	93
يزيد تدمير الموائل الطبيعية إلى حدٍ كبير من قابلية المنطقة للتعرض إلى كوارث طبيعية مثل الفيضانات والجفاف وانخفاض المحاصيل الزراعية وانتشار الأمراض وتلوث المياه.	159
من ناحية أخرى, فإن النظام البيئي السليم مع حسن الإدارة سيقلل من فرص وقوع هذه الأحداث, أو سيخفف من آثارها على الأقل.	118
يمكن للأراضي الزراعية أن تعاني فعلياً جراء تدمير المناطق الطبيعة المحيطة.	73
على مدار السنوات الخمسين الماضية, أدى تدمير الموائل الطبيعية المحيطة بالأراضي الزراعية إلى إفساد نحو 40% من الأراضي الزراعية حول العالم من خلال التعرية وملوحة التربة ورص التربة واستنزاف المواد الغذائية والتوسع العمراني.	193
كما يفقد البشر الاستخدامات المباشرة للموئل الطبيعي عند تدمير هذا الموئل.	71
غالباً ما توصف بابوا غينيا الجديدة بأنها قد تكون أسوأ مكانٍ في العالم من حيث العنف ضد النساء.	92
لا تزال هذه السلالات النباتية موجودة في بابوا غينيا الجديدة.	55
تعد أمريكا الشمالية وأمريكا الجنوبية قارتين منفصلتين في نموذج القارات السبع.	75
أبحر كريستوفر كولومبوس عبر المحيط الأطلسي نحو جزر الهند الغربية عام 1492, مطلقاً عصر الاستكشافات الأوروبية للأمريكيتين.	123
وهي ليست رائجة جداً بسبب مواقعها النائية والخالية من الطرقات في أغلب الأحيان.	75
تملك جهات خاصة بقية الأراضي, والتي يبلغ مجموعها نحو 1% من أراضي الولاية.	69
وهي أيضاً المنطقة الوحيدة في ألاسكا التي يتجاوز فيها معدل درجات الحرارة القصوى خلال النهار درجة التجمد في أشهر الشتاء.	117
استطونت العديد من الأقوام الأصلية ألاسكا لآلاف السنين قبل وصول الشعوب الأوروبية إلى المنطقة.	90
من هنا سرقوا قارباً صغيراً تركه سكانٌ أستراليون أصليون كانوا يعيشون في المنطقة.	87
مع ازدهار بريزبن, ساءت حالة النهر إلى أن وصل إلى أسوأ أحواله حين أصبح مجرد مكب للصرف الصحي والنفايات.	105
تم الإعلان أن عام 1987 هو "عام النهر" من قبل العمدة اللورد الخاصة بمدينة بريزبن في ذلك الوقت, سالي-آن أتكينسون.	99
العاصفة الرملية والعاصفة الترابية ظاهرتان طبيعيتان تحدثان في المناطق الجافة حيث لا تكون الأرض محمية بغطاء من النباتات.	115
عادةً ما تبدأ العواصف الترابية في أطراف الصحاري وليس داخل الصجاري ذاتها حيث تكون الحبيبات الأدق حجماً قد هبت متطايرةً بالفعل.	128
مع بدء هبوب رياحٍ متواصلة, تبدأ الجزيئات الدقيقة الموجودة في الجزء الظاهر من الأرض بالاهتزاز.	94
مع سرعات الرياح الكبيرة, ترتفع بعض الجزيئات إلى التيار الهوائي.	60
عندما تحط, تضرب جزيئاتٍ أخرى قد ترتفع في الهواء بدورها ليبدأ تفاعلٌ متسلسل.	84
بيد أن التحضر في تايلاند تسبب أيضاً بزيادات كبيرة في مشاكل مثل البدانة.	73
العواصف الرعدية نادرة, إذ لا تشهد المدينة رعداً لأكثر من سبعة أيامٍ في السنة.	77
بحلول عام 1340, كان عدد سكان القاهرة يقرب من نصف المليون, مما جعلها أكبر مدينة غربي حدود الصين.	91
في غضون ذلك, شجعت القدرة الإضافية على التحكم بمنسوب النيل على تطوير جزيرة الزمالك والواجهة المائية للمدينة.	108
يأتي الناتج الإجمالي الصناعي لولاية نيفادا من السياحة والتعدين وصناعة الآلات والطباعة والنشر والصناعات الغذائية والمعدات الكهربائية.	119
اشتق اسم البحر الكاريبي من الكاريب, وهم إحدى مجموعات الأمريكيين الأصليين الذين كانوا يسكنون المنطقة عند وصول الأوروبيين في نهاية القرن الخامس عشر.	142
بعد اكتشاف أمريكا من قبل كريستوفر كولومبوس عام 1492, أخذت الجزر اسمها من لفظة "أنتياس" الإسبانية, ومن ذلك صار اسم "بحر الأنتيل" اسماً بديلاً شائعاً "للبحر الكاريبي" في عدة لغات أوروبية.	190
خلال القرن الأول للتنمية, ظلت هيمنة الإسبان على المنطقة بلا منازع.	63
بدءاً من القرن السادس عشر, عرف الأوروبيون الذين كانوا يزورون منطقة الكاريبي "بحر الجنوب" (وهو المحيط الهادي جنوب برزخ بنما) كمقابل ل"بحر الشمال" (وهو البحر الكاريبي الواقع شمال ذات البرزخ).	180
لم يكن البحر الكاريبي معروفاً لسكان أوراسيا حتى عام 1492, عندما أبحر كريستوفر كولومبوس لأول مرة إلى مياه الكاريبي سعياً وراء العثور على خطٍ بحري إلى آسيا.	158
للأسف, عمل النمو السكاني السريع والزحف العمراني الكبير على حجب الكثير هذه النظم البيئية بالتطور الحديث.	99
الحكومة المحلية لكيب تاون هي بلدية كيب تاون, وهي بلدية شاملة للمنطقة الحضرية.	79
المقال, الذي نشر بعنوان "الأعماق", كان سرداً حياً لرحلة على طول قاع المحيط.	77
كما أنها استغلت علاقاتها الشخصية مع العديد من العلماء الحكوميين الذين أمدوها بمعلومات سرية.	88
بحلول منتصف عام 1962, كان بروكس وكارسون قد انتهيا إلى حدٍ كبير من التنقيح, ويعدان العدة للترويج للكتاب من خلال إرسال مخطوطات لأشخاصٍ مختارين من أجل اقتراحات نهائية.	167
هذا وضع الكتاب موضع اهتمام الصناعات الكيميائية وجماعات الضغط الخاصة بها , إلى جانب شريحة واسعة من الجمهور الأمريكي.	111
خلال خمسينيات القرن الرابع عشر, بات الملك غوغمين مطلق الحرية أخيراً في إصلاح حكومة غوريو عندما بدأت سلالة يوان بالانهيار.	122
منذ منتصف ستينيات القرن العشرين, ازدهر الاقتصاد الكوري الجنوبي بشكل هائل وتغير الهيكل الاقتصادي بشكلٍ جذري.	110
عادةً ما تتضمن مستوى منخفض من المعدات المتطورة, مثل أماكن للنزهات الخلوية ومقاعد وممرات.	87
كان منتزه أستراليا الملكي الوطني, الذي أنشئ عام 1879, ثاني منتزه وطني ينشأ رسمياً في العالم.	88
أولاً وقبل كل شيء, كان الأهم توفير مساحة مفتوحة من أجل أهل المدينة وسكانها في المنطقة التي كانت ترتفع فيها المباني بسرعة كبيرة.	125
مع سقوط سلالة تشينغ عام 1911, أعلنت منغوليا تحت حكم بوغد خان استقلالها.	73
لكن جمهورية الصين التي كانت قد تأسست حديثاً اعتبرت أن منغوليا جزءٌ من أراضيها.	81
رأى يوان شيكاي, رئيس جمهورية الصين, أن الجمهورية الناشئة هي وريثة سلالة تشينغ.	80
قال بوغد خان أن كلاً من منغوليا والصين كانتا تحت إدارة المانشو خلال حكم سلالة تشينغ, وبعد سقوط سلالة تشينغ عام 1911, باتت وثيقة استسلام المنغوليين إلى المانشو لاغية.	164
كانت المنطقة التي حكمها بوغد خان هي تقريباً ما كان يدعى سابقاً بمنغوليا الخارجية خلال حكم سلالة تشينغ.	109
خلال استعجاله للاستيلاء على قادش, ارتكب رمسيس الثاني خطأً تكتيكياً فادحاً.	84
في الواقع, فإن الدراسة البحثية الأولى عن المعركة, والتي وضعها جيمس هنري برستيد عام 1903, أشادت بالمصادر التي سمحت بإعادة تصور المعركة بشكلٍ لا ريب فيه.	147
رمسيس, غير القادر من الناحية اللوجستية على إقامة حصارٍ لفترة طويلة, عاد إلى مصر.	81
وبالتالي وجد الفرعون المصري نفسه في شمال أمورو, متجاوزاً قادش, في تونيب, حيث لم يصل جنديٌ مصريٌ منذ زمن تحتمس الثالث قبل ذلك بنحو 120 عاماً.	143
ادعى هذه المرة أنه خاض المعركة من دون حتى أن يتكبد عناء ارتداء درعه حتى بعد بدء القتال بساعتين.	95
يشكل تحديد السنة الدقيقة لزواج هيرودوس أنتيباس بهيروديا مثار جدلٍ بين الباحثين.	81
نظراً لأن هيرودوس كان في القدس في ذلك الوقت, قرر بيلاطس أن يرسل يسوع إلى هيرودس ليحاكم.	92
وفقاً للعهد الجديد, قضى بولس ثمانية عشر شهراً في كورينث, بعد نحو سبعة عشر عاماً من اعتناقه للمسيحية.	111
لا يمكن للتاريخ الأخير إلا أن يوافق يوم الجمعة إذا ما أقحم شهرٌ استثنائيٌ إلى ذلك العام, لكن هذا ما ارتآه نيوتن.	122
من الممكن معرفة طور القمر في يومٍ معين قبل ألفي عام لكن ليس إذا كان محجوباً بالغيوم أو الضباب.	96
شيدت قلاعٌ أيضاً في الأجزاء القديمة من نيو فرانس والتي لم تكن قد استوطنت بعد.	80
وهذا وضع أساساً لتحقيق التكامل حيث كان يمكن تطبيق الآليات الاقتصادية والقضائية في كل أرجاء البحر المتوسط كما حدث ذات يوم بدءاً اللاتيوم إلى أرجاء إيطاليا.	163
تروي كل قصيدة جزءاً واحداً فقط من الحرب.	44
في العصور اللاحقة, كان بوسع المسرحيين والمؤرخين وغيرهم من المثقفين تأليف أعمالٍ مستوحاة من حرب طروادة.	101
وقد ظهرت نبوءةٌ تقول أنه إما سيموت بالشيخوخة بعد حياةٍ هادئة, أو سيموت يافعاً في أرض المعركة وسيكتسب الخلود من خلال الشعر.	128
لكن هذا ألغي عند مقتل جوليان في إحدى المعارك عام 363.	54
يعتقد أن آخر دورة ألعابٍ أولمبية أقيمت عام 393.	49
سرعان ما أبهر "شين كيو" "وانغ أنشي" بمهاراته وقدراته كمسؤولٍ ووكيلٍ عن الحكومة.	82
عام 1072, أرسل شين للإشراف على برنامج وانغ لمعاينة تشكل رواسب الطمي في القناة الصينية الكبرى خارج العاصمة.	106
باستخدام تقنية مبتكرة, جرف شين القناة بنجاح وأثبت القيمة الكبيرة للطمي المجموع كسماد.	87
اكتسب المزيد من الصيت في البلاط عندما أوفد كمبعوثٍ إلى سلالة لياو الخيتانية في صيف عام 1075.	88
قام الخيتانيون بالعديد من المفاوضات العدوانية من أجل مد حدودهم نحو الجنوب, بينما تلاعبوا بالعديد من السفراء الصينيين غير الأكفاء والذين رضخوا لمطالب مملكة لياو.	153
درس الطب أيضاً, خصوصاً في جنوب إيطاليا, حيث كان للطب الإسلامي تأثيراً على المدرسة في ساليرنو.	99
نقل أن تيبيريوس أبدى ندمه على رحيله وطلب أن يعود إلى روما عدة مرات, لكن في كل مرة كان أغسطس يرفض طلبه.	110
يبدو أنه قد تمنى أن يتصرف مجلس الشيوخ والدولة من دونه وكانت أوامره المباشرة غامضة نوعاً, مما كان يشعل جدالاتٍ بشأن مقاصده أكثر مما كانت تمر تشريعاته.	153
كانت الآلهة تمثل بوضوح الاحتياجات العملية للحياة اليومية, وكانت تمنح بكل دقة الطقوس والقرابين التي كانت تعتبر لائقة.	115
كان ذلك عبر القارب من أوروبا القارية.	36
كانت البقايا الشعائرية المكتشفة في الموقع عبارة عن صفٍ من عشرة أحجار كبيرة واقفة, تعرف باسم حجر الحدود, تشير صوب الشمال والجنوب, يبلغ ارتفاع أطولها 3 أمتار, مع وجود هيكل على شكل مذبح في الوسط, وحوض حجري كبير مربع الشكل.	227
لا تزال الغاية المحددة لهذه الأحجار الضخمة مثار جدل, لكن ربما كانت تشكل "مكان عبادة" كنعاني من العصر البرونزي الوسيط حوالي عام 1600 قبل الميلاد.	136
دمرت المدينة الكنعانية بفعل حريقٍ من المفترض أنه حدث في أعقاب حملةٍ قام بها الفرعون المصري تحتمس الثالث.	104
أقدم إشارة تاريخية معروفة عن المدينة موجودة في معبد تحتمس في الكرنك على نقشٍ يتحدث عن المواقع التي احتلت.	110
تضم رسائل تل العمارنة, التي تعود إلى القرن الرابع عشر قبل الميلاد, عشر رسائل من ملوك تل الجزر تقسم بالولاء للفرعون المصري.	116
يسجل في شهادة الميلاد التايلاندية تاريخ اليوم والشهر وساعة الولادة, يليها يوم الأسبوع والتاريخ القمري واسم البرج الحيواني المطبق في تلك السنة.	127
برجها الحيواني هو القرد وكانت ذكراها السنوية الستين التقليدية الكبيرة عام 1992.	69
الألوان المباركة لليوم موجودة في جدول أيام الأسبوع, وتحتها رابط إلى صور بوذا لكل يومٍ من أيام الأسبوع.	103
السنة الصينية الجديدة وغيرها من الأعياد التي يتقيد بها التايلانديون الصينيون تختلف بما يتعلق بالتقويمين معاً, حيث أنها تحسب وفقاً للتقويم الصيني.	143
بالإضافة إلى ذلك, عزز الدفاعات بين مصر وآسيا, مشيداً أسوار الحاكم في منطقة شرق الدلتا.	92
حكم خمس عشرة سنة فقط, ويدل على ذلك عدم اكتمال العديد من منشآته.	67
بالرغم من ذلك, يبدو أن كليهما سيطر على أجزاءٍ على الأقل من مصر السفلى.	75
في 9 أيلول من عام 2002, استدرج ألدرين إلى فندقٍ في بيفرلي هيلز بحجة إجراء مقابلة من أجل برنامج تلفزيوني ياباني للأطفال موضوعه الفضاء.	142
تزوج ألدرين ثلاث مرات.	23
عام 1519, أصبح حاكم إمبراطورية هابسبورغ, ثم حاز على لقب الإمبراطور الروماني المقدس عام 1530.	88
كان ينظر إلى كارلوس بالرغم من أفعاله القاسية على أنه حاكمٌ متعاطفٌ مع حاجات هولندا.	87
عام 1566, قدمت مجموعة مكونة من نحو 400 شخص من النبلاء عريضة إلى الحاكمة مارغريت دوقة بارما لوقف الاضطهاد حتى عودة البقية.	118
تسبب صراعها ضد الإمبراطورية العثمانية في البحر المتوسط بتقييدٍ كبيرٍ للقوة العسكرية التي كان يمكن توجييها ضد المتمردين في هولندا.	126
أنشئ مرصدٌ فلكي من العصر البرونزي هناك عام 1900 ق.م تقريباً وظل يخدم المجتمع الذي كان يعيش هناك بشكل متواصل حتى عام 700 ق.م تقريباً.	135
استخدمت المساحة المركزية لمراقبة شروق الشمس واكتمال القمر.	56
تحدد ثلاث علامات موقع شروق الشمس في الانقلابين الشمسيين الصيفي والشتوي وفي الاعتدالين.	81
أربع علاماتٍ أخرى تعطي ميل القمر المكتمل الأدنى والأقصى: في الصيف, وفي الشتاء.	81
وعلامتان تقيسان طول الأشهر القمرية.	35
تكمن أهميته في حقيقتين.	26
وخلال العصر ما بعد الكلاسيكي في يوكاتان استخدم نظامٌ ثالث.	60
ثمة جدلٌ كبيرٌ على أصل كلمة هسبانيا وتستند أدلة كل التخمينات المختلفة في أحسن الأحوال على مجرد تشابهات من المرجح أن تكون من قبيل الصدفة, وعلى أدلة ظنية داعمة.	162
لكن تأثير إسبانيا على الوافدين الجدد كان كبيراً أيضاً.	59
خلال المرحلة الأولى من الرومنة, قسمت شبه الجزيرة إلى قسمين من قبل الرومان لأغراض إدارية.	84
بحلول القرن الثالث, أحدث الإمبراطور كركلا تقسيماً جديداً استمر لفترة وجيزة فقط.	87
لقد أثر فيهما جمال منطقة بحيرة روديارد إلى درجة أنهما عند ولادة طفلهما الأول ألحقا اسمها باسمه.	101
خلال وجوده هناك أيضاً, التقى كيبلينغ ووقع في حب فلورانس غارارد التي كانت ترافق تريكس في ساوثسي (التي عادت إليها تريكس).	123
جعل ستيفين ويلر, المحرر, كيبلينغ يعمل بجد, غير أن حاجة كيبلينغ إلى الكتابة لم يكن بالإمكان إيقافها.	106
بالعودة إلى لاهور, ظهرت نحو 39 قصة في الجريدة الرسمية بين تشرين الثاني 1886 وحزيران 1887.	80
لكن في هذه المرة, كان يفكر على نحوٍ متزايد بالمستقبل.	58
بالرغم من أن رواية "جين بينغ مي", التي صدرت عام 1610, تتضمن مواد سابقة, فهي تظهر النزعة نحو التكوين المستقل والاهتمام بالسيكولوجيا.	123
ازدياد معدل التحاق الذكور بالمدرسة الثانوية وزيادة الناتج القومي للفرد والنمو الاقتصادي, كلها عواملٌ ساهمت إلى حدٍ بعيد في تقليل فرص قيام حربٍ أهلية.	149
بشكلٍ خاص, زيادة التحاق الذكور بالمدرسة الثانوية بنسبة 10% فوق المعدل قللت من فرص اندلاع نزاع بنسبة 3%, في حين أسفر معدل نمو أكبر بنسبة 1% من المعدل المذكور في البحث إلى انخفاض فرص اندلاع حربٍ أهلية بنحو 1%.	205
فسر البحث هذه العوامل الثلاثة كوسائل لإهدار مكاسب من قبل تمردٍ ما, وبالتالي تشجع هذه المكاسب المهدرة على التمرد.	107
بعبارةٍ أخرى: يصبح الشباب من الذكور (الذين يشكلون غالبية المقاتلين في الحروب الأهلية) أقل عرضةً للانضمام إلى تمردٍ إذا كانوا يحصلون تعليماً أو ينالون دخلاً مريحاً, ويمكن الافتراض إلى حدٍ كبير أنهم سينجحون في المستقبل.	231
طرح الناتج القومي للفرد كسببٍ للشكوى, التي تؤدي إلى عصيانٍ مسلح.	71
بشر ضمانه للحريات بإنهاء التوترات بين الطوائف وتحويل الإمبراطورية إلى مكانٍ أكثر انسجاماً.	96
قلبت الثورة العربية الكبرى التي انطلقت عام 1916 الطاولة على العثمانيين في جبهة الشرق الأوسط, حيث ظهر في البداية أن لهم يد العليا خلال أول سنتين من الحرب.	140
يناقش على وجه التحديد في العديد من الفقرات التأثيرات الاجتماعية والثقافية السلبية للحرب على الإنسانية ذاتها.	105
كان الكاهن الدومينيكاني هينريش كريمر مساعداً لكبير أساقفة سالزبورغ.	71
في عام 1538, حذرت محاكم التفتيش الإسبانية أعضاءها بألا يصدقوا كل ما ذكره كتاب مطرقة الساحرات.	95
كان التعميد القسري يتعارض وتعاليم الكنيسة الكاثوليكية, ومن الناحية النظرية كان يمكن لأي شخصٍ عمد قسراً أن يعود قانونياً إلى اليهودية.	131
طردت إسبانيا سكانها من اليهود الشرقيين عام 1492, وقد غادر الكثير من أولئك اليهود الإسبان إسبانيا نحو البرتغال لكنهم استهدفوا هناك أيضاً في نهاية المطاف.	150
رسمت الحدود الشرقية لمقدونيا مع تراقيا عند نهر نستوس (نهر ميستا).	62
ثم زحف فيليب لضرب أعدائه الجنوبيين.	38
هزم أعداءه في ثيساليا بحلول عام 352, وكان مسيطراً بقوة على هذه المنطقة.	73
تقدم الجيش المقدوني حتى ممر ثيرموبيلاي الذي يقسم اليونان إلى قسمين, لكنه لم يحاول الاستيلاء عليه لأنه كان محمياً جيداً من قبل قوات مشتركة من الأثينيين والإسبارطيين والأخائيين.	176
بعد أن أمن المناطق الحدودية لمملكة مقدونيا, جمع فيليب جيشاً مقدونياً كبيراً وزحف نحو عمق الأراضي التراقية في حملة غزوٍ طويلة.	132
كانت كاثرين إمبراطورة روسيا في غاية الرضى أيضاً.	51
طوال فترة الحرب, كثر استخدام هجوم بيرل هاربر في الدعاية الأمريكية.	66
هذا التصور المثالي لعائلة رومانوف الملكية أعماه عن رؤية الوضع الحقيقي لبلاده.	76
كانت الإمبراطورية الروسية تشكل تكتلاً يضم أعراقاً متنوعة ويظهر مؤشرات كبيرة من التفكك في السنوات التي سبقت الحرب العالمية الأولى.	127
ازدهرت هذه المدينة-الدولة في ذات فترة مملكة سوكوتاي.	51
أدى هذا الاتصال بالغرب خلال القرن السادس عشر إلى فترة من النمو الاقتصادي الكبير مع إنشاء طرق التجارة المربحة.	103
أبلى الجيش بلاءً حسناً في القتال في كوبا.	43
ومع ذلك, كان موجهاً بشكل كبير إلى مواقع صغيرة في الغرب وغير مؤهلٍ بشكلٍ جيد لخوض الحروب الخارجية.	107
كان يعتمد على المتطوعين ووحدات ميليشيا الولاية, والتي واجهت مصاعب لوجستية وتدريبية وغذائية في نقاط الانطلاق في فلوريدا.	117
حررت الولايات المتحدة كوبا (بعد احتلالها من قبل الجيش الأمريكي).	58
وفق معاهدة السلام, تنازلت إسبانيا للولايات المتحدة عن مستعمراتها في بورتوريكو وغوام والفلبين.	90
انطلق الهجوم ضد الجيش الهائل الذي جمعته البندقية من فرنسا.	54
بحلول عام 1563, كان عدد سكان البندقية قد انخفض إلى نحو 168 ألف نسمة.	69
كان التعليم خلال عصر النهضة يتألف بشكلٍ أساسيٍ من الآداب القديمة والتاريخ حيث كان يعتقد أن الكلاسيكيات تبرز التعاليم الأخلاقية وفهماً كبيراً للسلوك الإنساني.	160
مع ذلك كانت هناك دراسات ديمغرافية وسكانية معمقة تتضمن النساء, وخصوصاً أدوارهن في الإنجاب.	95
تأتي معظم المعلومات عن تلك الفترة من المدافن والأغراض الجنائزية التي تحويها.	72
في ذلك الوقت, لم تكن تعيش هناك سوى أربعين عائلة تقريباً مع الكثير من الأراضي الزراعية الجيدة والمراعي من أجل الماشية.	115
مع إرسال اليونان لمستعمرين غرباً نحو صقلية وإيطاليا (إسكيا وكوماي), امتد تأثير أبجديتهم الجديدة بشكلٍ أكبر.	113
الموز وموز الجنة, اللذان زرعا من قبل الإنسان لأول مرة في جنوب شرق آسيا, غالباً في بابوا غينيا الجديدة, أعيدت زراعتهما في أفريقيا قبل 5000 عام على الأرجح.	149
إلى جانب كونها مصدراً مباشراً للغذاء, يمكن لبعض الحيوانات أن توفر الجلود والصوف والأسمدة.	94
وقد أدخل تغييرٌ جذريٌ في مبادئ العمل بوساطة الأسكتلندي جيمس واط.	67
خلقت الثورة الصناعية طلباً للقطع المعدنية المستخدمة في الآلات.	61
في الحرب الميسينية الثانية, برهنت إسبارطة على أنها قوة إقليمية في شبه جزيرة بيلوبونيز وفي سائر أراضي اليونان.	109
حصلت فورد تي على لقب السيارة الأكثر تأثيراً في القرن العشرين خلال حفل توزيع جوائز سيارة القرن العالمية.	105
النجاح الذي لقيته سيارات رامبلر صغيرة الحجم التي كانت تصنعها شركة أميريكان موتورز دفع شركتي جنرال موتورز وفورد لطرح سياراتها صغيرة الحجم عام 1960.	148
لم يخف هذا العرف في العصر الحديث إلا بنحوٍ بسيط ولا يزال من غير المستحسن الآن أن يخاطب الأصدقاء بعضهم البعض بأسمائهم الأولى, إذ ما فتئ استخدام اسم العائلة في التخاطب شائعاً.	176
في حالة العائلة الإمبراطورية, من غير الملائم بتاتاً استخدام الاسم الأول.	65
منذ الإمبراطور مييجي, جرت العادة أن يكون لكل إمبراطور عهدٌ خاصٌ به وأن تعاد تسمية الإمبراطور بعد وفاته باسم العهد الذي حكم فيه.	126
قبل الإمبراطور مييجي, كانت أسماء العهود تتغير بشكلٍ أكبر, وكان يتم اختيار أسماء الأباطرة بعد وفاتهم بطريقة مختلفة.	119
خارج اليابان, وبدءاً من الإمبراطور شووا, بات يشار إلى الأباطرة عادةً بأسمائهم الأولى, سواء خلال حياتهم أو بعد وفاتهم.	118
في آسيا ومنطقة المحيط الهادي, قتل ما بين 3 ملايين وأكثر من 10 ملايين مدني, غالبيتهم من الصينيين (يقدرون ب7,5 مليون), على يد قوات الاحتلال اليابانية.	133
في أوروبا, وقبل اندلاع الحرب, كان للحلفاء أفضلية كبيرة من ناحية التعداد السكاني والاقتصاد.	90
تغيرت الحرب البرية من الجبهات الأمامية الثابتة كما كان الأمر في الحرب العالمية الأولى إلى زيادة القابلية على الحركة والجمع بين الأسلحة.	124
تلقى جنود سلاح الفرسان البريطاني أيضاً تدريباً ممتازاً على المبارزة فوق ظهور الخيل.	86
يؤكد بعض المؤرخين, مثل تشاندلر وويلر, أن فعالية فرقة الخيالة البريطانية الثقيلة أعطبت بعد أول هجومٍ ملحمي.	109
وفقاً لدراسة جينية على البيانات الصبغية الخاصة بالغجر, فإن الأصل الآسيوي الجنوبي عند الغجر يعود إلى شمال غرب الهند.	114
تعتمد التفسيرات الخاصة بأصل الموسيقى على كيفية تعريف الموسيقى.	65
عند البشر, كلٌ من الذكور والإناث مغنون متحمسون, وعزف الموسيقى نشاط جامع في أغلب الأحيان.	89
عام 1839, وجدت الصين نفسها منخرطة في حرب الأفيون الأولى ضد بريطانيا العظمى بعد أن منع لين زيشو الحاكم العام لمقاطعتي خونان وخوبي تجارة الأفيون الخارجية.	151
هزمت الصين, وفي عام 1842 وافقت على الأحكام الواردة في معاهدة نانجينغ.	68
تم التنازل عن جزيرة هونغ كونغ لبريطانيا, وفتحت مرافئ معينة, منها شنغهاي وغوانزو أمام المقيمين والتجارة البريطانية.	115
عام 1856, اندلعت حرب الأفيون الثانية, هزم الصينيون مجدداً وأجبروا على القبول بشروط معاهدة تيانسين لعام 1858 ومعاهدة بكين لعام 1860.	123
أتاحت المعاهدة مرافئاً جديدةً للتجارة وسمحت للأجانب بالسفر إلى الداخل الصيني.	80
رافقت "لامار" "ماندل" إلى اجتماعات العمل حيث كان يجتمع مع العلماء وغيرهم من العاملين المنخرطين في مجال التكنولوجيا العسكرية.	117
تضمنت أولى اختراعات لامار إشارة مرور مطورة وقرص يذوب في الماء لصنع مشروبات غازية.	84
عرض عليها العديد من السيناريوهات والإعلانات التلفزيونية والمشاريع المسرحية, لكن لم يثر أيٌ منها اهتمامها.	100
جوزيف دارناند, الذي أصبح ضابطاً في وحدات إس إس وقاد مجموعات ميليس شبه العسكرية التي كانت تطارد عناصر المقاومة, أعدم في تشرين الأول من عام 1945.	140
أوعز ديغول بألا يكون هناك احتفاءٌ شعبيٌ زائدٌ بتشرشل, وألا يمنح جوائز رسمية من دون موافقته المسبقة.	112
يروي الفيلم الدمار الذي لحق بحياة كارانغي وبمسيرتها المهنية جراء إدمانها على الهيروين, بالإضافة إلى تراجعها ووفاتها بسبب مرض الإيدز في منتصف الثمانينيات.	152
تم إنجازه في في وقتٍ متأخرٍ نوعاً من الحرب, رغم أن عدداً من طائرات بي-29 كانت مجهزة بنظام إيغل وكان يعمل جيداً, فقد جاء في وقتٍ متأخرٍ بحيث لم يحدث فارقاً كبيراً.	180
نظام الرادار الذي يعد أكثر ما يشتهر به ألفاريز والذي لعب دوراً كبيراً في مجال الطيران, خصوصاً في النقل الجوي من وإلى برلين ما بعد الحرب, كان نظام تحكمٍ أرضي (جي سي إيه).	173
من خلال استخدام الهوائي ثنائي القطب لتحقيق دقة زاوية كبيرة, يتيح نظام التحكم الأرضي لمشغلي الرادار الأرضي الذين يراقبون شاشاتٍ دقيقة خاصة أن يوجهوا طائرةً خلال هبوطها على المدرج من خلال بث أوامر شفهية إلى الطيار.	221
كان النظام بسيطاً ومباشراً ويعمل بكفاءة, حتى مع الطيارين غير المدربين عليه مسابقاً.	84
وقد لقي نجاحاً كبيراً إلى درجة أن الجيش استمر في استخدامه لسنوات عديدة بعد الحرب, وكان لا يزال مستخدماً في بعض الدول خلال الثمانينيات.	139
مع النمو السكاني, أنشئت أحياءٌ سكنية جديدة.	45
استولى متمردو تحالف القوات الديمقراطية لتحرير الكونغو على لوبومباشي في نيسان من عام 1997.	85
يساهم الارتفاع الكبير على تبريد المناخ, وإلا كان شديد الحرارة.	58
قللت الصحة المتدهورة من إنتاج هيتشكوك في آخر عقدين من حياته.	62
تبرز أفلام هيتشكوك أحياناً شخصياتٍ يعانون في علاقاتهم مع أماهتهم.	75
كان هيتشكوك يفضل التعامل مع أكفأ المواهب في زمنه -مصممي الملصقات الإعلانية أمثال بيل غولد وسول باس- الذين كانوا يعدون ملصقاتٍ تعكس أفلامه بدقة.	149
سيطر صراعٌ عقلي على هرتزل, ما بين التوق إلى النجاح الأدبي وما بين الرغبة في أن يصبح شخصية عامة.	99
في 10 نيسان من عام 1896, تلقى هرتزل زيارة من القس ويليام هيشلر, الكاهن الأنغليكاني في السفارة البريطانية.	98
خلال إحدى الحلقات, ظهر كعازف غيتارٍ بارع.	45
ليني أعزبٌ دائم, قليلٍ الحظ مع النساء.	38
في إحدى المناسبات, تم التلميح إلى أنه عميلٌ سري يستهدف هومر.	63
بعد أن قرر أن يتابع في مجال الدراما, التحق وينستون بمدرسة كورونا للمسرح في هامرسميث.	82
التقى وينستون بزوجته إيلين, خلال تصوير فيلم "ذلك الصيف" عام 1979.	64
أعلن عن إفلاس وينستون في 4 تشرين الأول 1988 ومجدداً في 19 آذار 1993.	60
اكتشف ديزني أن شركة يونيفرسال تملك حقوق الملكية الفكرية الخاصة بأوزوالد.	79
فاز ديزني بجائزة أوسكار فخرية أخرى, والتي تتكون من تمثال أوسكار بالحجم الطبيعي وسبعة تماثيل أخرى مصغرة.	112
تمنح البطاقة إعانةً يمكن سحبها عن طريق أجهزة الصراف الآلي من أجل شراء احتياجات المدرسة مثل الكتب والأزياء المدرسية.	116
كما أنه شيد وجدد خمسة أسواقٍ تقليدية عام 2013 وأربعة أسواقٍ تقليدية عام 2014.	76
مع ذلك, أعلن خصمه فرابوو سوبيانتو انتصاره أيضاً, مما ترك المواطنين الإندونيسيين في حيرة.	90
قبيل تسلمه لمنصبه, سعى جوكوي إلى تحميل الرئيس المنتهية ولايته يودهويونو مسؤولية قرار رفع أسعار الوقود الناتج عن رفع الدعم المتزايد.	130
تزعم سيرته الرسمية أن كيم ألف ست أوبرات وأنه يستمتع بإخراج المسرحيات الغنائية الضخمة.	85
بعد نصيحةٍ من ألكسندر, أصبح قادراً على إيجاد حلٍ وسط: سيلتحق بالجامعة, لكنه سيدرس الأدب أيضاً.	107
التحق باري بجامعة إدنبره حيث كان يكتب في نقد الدراما لصالح جريدة "إدنبره إيفنينغ كورانت".	94
تخرج وحصل على درجة الماجستير في 21 نيسان من عام 1882.	50
من خلال إعلانٍ عن وظيفة وجدته شقيقته في جريدة "ذا سكوتسمان", عمل لمدة عامٍ ونصف كمحرر صحفي في جريدة "نوتينغهام جورنال".	125
ثم عاد إلى كيريموير.	22
نشرت 3000 نسخة فقط من الطبعة الأولى.	34
بحلول عام 2009, قدر إجمالي مبيعات كتابي"قوة الآن" و"أرض جديدة" في أمريكا الشمالية بثلاثة ملايين وخمسة ملايين نسخة على التوالي.	120
ينتقد بعض علماء المسيحية تول, فيما يثني عليه بعضهم الآخر.	60
بين عامي 1991 و1997, كانت تدير مدرسة للأطفال الذين يعانون صعوباتٍ في التعلم.	67
كان آخر كتبها غير الروائية عن مارغريت دوغلاس, كونتيسة لينوكس.	63
وجدت الانتقال إلى الكتب الروائية سهلاً, موضحةً: "يشكل كل كتابٍ منحنى للتعلم, وعليك أن تبقى منفتح العقل".	108
لتجنب مواجهة مأزقٍ مشابه مع ياسمين, قرر صناع الفيلم في نهاية المطاف أن ترسم الأميرة بشكلٍ كامل في استوديو واحد.	113
مع وضع اللمسات الأخيرة عليها, باتت ياسمين أول أميرة في ديزني ذات بشرة ملونة بدلاً من كونها من أصولٍ أوروبية.	108
من ناحية الموضوع, مثلت ياسمين الحقوق المدنية والتسامح العرقي والتراتبية الاجتماعية, إلى جانب الحياة والحرية والسعي إلى السعادة.	115
مع ذلك, لم تلق المزيد من التقدير العلني لمقاومتها في زمن الحرب ولعملها الإنساني, حتى بعد انتهاء الحكم الشيوعي في بولندا.	115
صدرت أسطوانة "أحبك جداً جداً" في آب ووصلت إلى مصاف أفضل 50 أسطوانة, وطرحت الأغنية المنفردة "أرض مهتزة" في أيلول لكن غيير كانت في الولايات المتحدة.	154
بعد أن وصلت إلى ذروة مسيرتها المهنية في موطنها أستراليا, عادت غيير عام 1984 لتعيش في لوس آنجلوس كي تركز على اقتحام المشهد الموسيقي هناك.	135
بعد تقدمه ليحل في قائمة البيلبورد 200 في المرتبة الـ96, صعد ألبوم "ظننت أنك عرفت" إلى المرتبة 31 في المملكة المتحدة, لكن الألبوم لم يبق في القائمة لأكثر من أسبوعين في المملكة المتحدة.	173
بعد صرفها, حظيت بينيستون بدور غليندا الساحرة الطيبة في الإنتاج المسرحي للمسرحية الغنائية "الساحر".	92
أعيد انتخاب وايلكس وطرد مرتين إضافيتين, قبل أن يقضي مجلس العموم بأن ترشحه كان باطلاً ويعلن أن صاحب المركز الثاني هو الفائز.	128
حلت حكومة غرافتون عام 1770, مما سمح لحزب المحافظين بقيادة اللورد نورث باستعادة السلطة.	88
كان جورج عميق التدين وكان يقضي ساعاتٍ في الصلاة, لكن إخوته لم يشاركوه ورعه.	81
كان جورج مذهولاً لما اعتبره انحلالاً أخلاقياً فيهم.	58
في عام 1770, تعرض أخوه الأمير هنري, دوق كامبرلاند وستراثرن لفضيحة تتعلق بالزنى, وفي العام التالي تزوج كامبرلاند من أرملة شابة تدعى آن هورتون.	142
كان ألبومها "وايلد وست" عام 1981 أحد أكثر ألبوماتها مبيعاً.	57
بحلول ذلك الوقت, أوصلها الإنفاق المسرف مع سلسلة من الاستثمارات السيئة من قبل مستثمريها إلى حافة الإفلاس.	103
عام 2012, طرحت الفرقة الأيسلندية سيغور روس فيديو لأغنية "فيوغور بيانو", من بطولة لابوف, والتي ظهر فيها عارياً.	109
وصفته جريدة "سانت لويس بوست ديسباتش" بأنه أفضل أداء للابوف.	65
اندلعت النيران في السيارة, وابتعد كينسيث.	37
كان إليوت يحضر جنازة والده في اليوم الذي أقيم فيه السباق.	55
عام 2003, سيطر على ترتيب النقاط والصدارة في آخر 33 من السباقات الـ36 وأصبح بطل كأس وينستون للسباقات ناسكار, وكان آخر سائق يحمل ذلك اللقب.	136
أصدر رافيرتي ألبومين إضافيين خلال التسعينيات فيما وصفه الموسيقي توم روبينسون لاحقاً ب"عودة كبيرة إلى الروعة".	111
جمع ألبوم "على جناحٍ وصلاة" (1992) شمله بشريكه في فرقة "ستيلر ويل" إيغان في عدة أغانٍ فيه.	92
ضم عدة أغانٍ تم تأليفها بالاشتراك مع جيم شقيق رافيرتي, الذي يعمل أيضاً كمغنٍ ومؤلف أغانٍ, والذي وقع مع شركة "ديكا ريكوردز" في السبعينيات.	149
سجل رافيرتي نسخة جديدة من أغنيته في فرقة هامبلبمز "لم أعجب أبوها على أية الأحوال" في ألبوم "فوق رأس" (1994).	110
كان هذان آخر البومين ينتجهما رافيرتي مع هيو ميرفي, الذي توفي عام 1998.	68
فقد شارك 330 ألف شخص على الأقل, بينهم 10 آلاف فني.	53
كان ستالين قد بدأ بتشجيع أباكوموف لتشكيل شبكته الخاصة داخل وزارة أمن الدولة لمجابهة هيمنة بيريا على الوزارات السلطوية.	123
أتاحت الأنماط التي قدمتها البيانات الواردة من منطقة بيتين وواكساكتون لهذين الموقعين أن يتلاءما مع التطور الثقافي لأراضي المايا المنخفضة.	130
يفترض مقال طومسون أن شعب المايا كان "مسالماً" بشكل عام نظراً إلى افتقارهم إلى دفاعاتٍ واضحة.	100
لم تظهر الأشرعة في منحوتات ونصوص ما قبل التاريخ في أمريكا الوسطى, بل وضعت نظرية تفيد باستخدام قوارب الكانو كوسيلة نقل مائية رئيسة عند المايا القدماء.	150
تولى ستارلين مهمة رسم العدد التالي, وبدأ باستحداث قصة جانبية مفصلة تركز على ثانوس الشرير, وانتشر في عددٍ من أعداد مارفل.	120
في ذات الوقت من منتصف السبعينيات, قدم كارلين مجموعة من القصص إلى مجلة مختارات الخيال العلمي المنشورة بشكلٍ مستقلٍ "ستار ريتش".	123
من خلال جدته, كان ميشيما ينحدر مباشرةً من سلالة توكوغاوا إيه-ياسو.	66
عام 1955, بدأ ميشيما بتدريبات الأثقال ولم يكسر نظامه التدريبي الذي كان يقوم على ثلاث فترات تدريبية في الأسبوع طوال آخر 15 عاماً من حياته.	131
اعتنق ميشيما شعاراً شديد التفرد في القومية قبيل نهاية حياته.	60
عام 2011, عينت بلانت لتكون سفيرة لعطر إيف سان لوران الجديد, أوبيوم.	66
قامت بلانت عام 2011 ببطولة الفيلم الكوميدي البريطاني "صيد السلمون في اليمن", من إخراج لاسي هالستروم وشاركها في بطولته إيوان مكغريغور وكريستين سكوت توماس.	147
في ذلك العام أيضاً, ظهرت بشكلٍ وجيز في فيلم ديزني "الدمى المتحركة", كموظفة الاستقبال الخاصة بالآنسة بيغي.	110
قامت عام 2012 ببطولة فيلم "خطبة الخمس سنوات", من إخراج نيكولاس ستولر وشاركها في بطولته جيسون سيغل.	99
في كانون الثاني من عام 2011, بدأت بلانت تصوير فيلم الخيال العلمي الأمريكي "صانع الحلقات", من إخراج ريان جونسون وشاركها بطولته بروس ويليس وجوزيف غوردون-ليفيت, صدر الفيلم في أيلول من عام 2012.	180
حاول فالينتينو أن يبعد الشخصية عن الصورة النمطية للرجل العربي.	60
كان جوزيف شنيك مهتماً باختيار زوجته, نورما تالمادج, لتمثل أمام فالنتينو في إصدار جديد من روميو وجولييت.	108
اللورد هاليفاكس, الرئيس الملكي للمجلس, زار ألمانيا سراً في تشرين الثاني والتقى بهتلر وغيره من المسؤولين الألمان.	109
في خطابٍ إلى مجلس الوزراء بعيد عبور القوات الألمانية للحدود, وضع تشامبرلين اللوم على كلٍ من ألمانيا والنمسا.	108
في أيار, أطلق حرس الحدود التشيكي النار على مزارعين ألمانيين من سوديت كان يحاولان عبور الحدود نحو تشيكوسلوفاكيا من دون التوقف عند النقاط الحدودية.	147
خلال هذا الوقت, كانت مارسيل غالباً ما تترك وحدها في الحجرة فيما كانت بياف ومومون تجوبان الشوارع أو في الملهى تغنيان.	115
كانت تلك منسية تقريباً إلى ما بعد وفاة سميث.	48
إحدى أفكار روايات سكايلارك تدور حول أسلاف تكنولوجيا الاتصالات الحديثة.	78
في وقتٍ مبكر من عام 1926, كتب ماير إلى إيرين جوليو-كوري مقترحاً أن تعمل رونا معها لتتعلم كيف يمكن لمعمله أن يصنع عينات البولونيوم الخاصة بهم.	140
ما أن بات هانز بترسون قادراً على تأمين التمويل لدفع تكاليف رونا, سمحت لها جوليو-كوري بالقدوم ودراسة فصل البولونيوم في معهد كوري في باريس.	140
ابتكرت رونا طريقة مطورة لتحضير مصادر البولونيو وإنتاج انبعاثات ألفا.	71
بعد أن اكتسبت شهرةً كخبيرةٍ في المجال, عادت بهذه المهارات إلى معهد راديوم مع قرص صغير من البولونيوم.	99
أتاح هذا القرص لرونا إنتاج عينات مخبرية من البولونيوم, والتي استخدمت في الكثير من أبحاث المعهد اللاحقة.	98
خارج فترة الموسم عام 2013 ظهرت في قناة "سي تي في مونتريال" كمقدمة نشرة جوية ضيفة.	77
ثم واجهت حاملة اللقب والمصنفة الأولى سارة إيراني, لكنها خسرت.	61
تعرضت بوشار لخسارة صادمة بثلاث مجموعات.	43
عندما تزوجت ابنتهما سيسيلي بريتشارد بلانتاغينيت, دوق يورك الثالث, وأنجبا العديد من الأولاد, بما فيهم إدوراد الرابع وريتشارد الثالث, أصبحت جوان جدة ملكي إنجلترا من آل يورك.	172
توفي جون غونت عام 1399.	21
أطلق سراح الفارس ليفيت وزج تابعه في البرج.	45
كان قد تطلق منذ وقتٍ ليس ببعيد من الممثلة غلوريا هولدن, لكنه حمل الراية بعد الانفصال الزوجي.	92
شارك في البطولة كشقيق همفري بوغارت الأصغر, الشاب المستهتر خالي البال, في فيلم "سابرينا" (1954), التي لعبت دورها أودري هيبورن.	118
قرر ألا يسعى إلى فترة ثالثة في الدورة الانتخابية التالية.	54
جرت الحملة الانتخابية لعام 1980 بين ريغان والرئيس القائم جيمي كارتر في خضم مخاوف داخلية وإبان أزمة الرهائن المتواصلة في إيران.	119
هيمن الجمهوريون على مجلس الشيوخ للمرة الأولى منذ عام 1952, وحصلوا على 34 مقعداً في مجلس النواب, لكن الديمقراطيين احتفظوا بمجلس بالأغلبية.	136
تماثل إلى الشفاء وخرج من المستشفى في 11 نيسان, ليكون أول رئيسٍ للولايات المتحدة على رأس عمله ينجو من إصابة بالرصاص بعد محاولة لاغتياله.	139
آمن ريغان أن الله أبقاه على قيد الحياة كي يعيش ويحقق غايةً أعظم.	70
بلوتش مهتمٌ بجعل الأمل هو المبدأ الموجه لماركسيته ويشدد على الإنسانية الضمنية الكامنة في التقاليد الروحانية.	103
على اللاهوت السليم أن يتأسس على ضوء هدفه المستقبلي.	51
نقلت بيبي العائلة إلى ناشفيل, تينيسي عام 1991 بعد أن أبرمت اتفاقاً جديداً لإصدار الأغاني التي تؤلفها.	104
تشاركت كيشا وبيبي معاً في تأليف أغنية "ستيفن" عندما كانت كيشا في الـ16, ثم تعقبت كيشا ديفيد غامسون, المنتج الذي كانت تكن له التقدير منذ أن كان في فرقة "سكريتي بوليتي" والذي وافق على إنتاج الأغنية.	203
بحلول آب 2015, نشرت كيشا القليل من المعلومات عن ألبومها الثالث المرتقب والمسجل في استوديو.	82
وصلته هذه المرة, لكنه رفض الاعتراف أنها لم تعد تريد الزواج به.	63
ولد رايت في مدينة بول التابعة لمقاطعة دورست, لكنه ترعرع بشكلٍ أساسي في مدينة ويلز التابعة لمقاطعة سومرست.	105
لدى رايت شقيق اسمه أوسكار, وهو يعمل كرسام للكتب الهزلية, ويقدم قصصاً مصورة وفناً تصورياً وفيديوهات ترويجية لصالح أفلام إدغار.	138
رايت صديقٌ لزميله المخرج غارث جينينغز, وظهر في أدوارٍ صغيرة في فلميه "دليل المسافر إلى المجرة" و"ابن قوس قزح".	116
لم تحقق القوى الكبرى المطالب الداعية إلى الاعتراف بألبانيا.	59
مع بداية مؤتمر لندن في كانون الأول من عام 1912, رفض سفراء القوى العظمى الست مشروع تأسيس ألبانيا المستقلة.	100
بدلاً من ذلك, قرروا أن ألبانيا ستكون تحت السيادة العثمانية لكن مع حكومة تتمتع بالحكم الذاتي.	93
بعد أن بدا جلياً أن الإمبراطورية العثمانية ستخسر كل منطقة مقدونيا وبالتالي اتصالها الجغرافي بألبانيا, أدركت القوى العظمى أن عليها أن تغير قرارها.	147
معاهدة لندن, التي وقعت في 30 أيار 1913, قسمت جزءاً كبيراً من الأراضي التي تطالب بها ألبانيا, بصرف النظر عن تركيبتها العرقية, بين حلفاء البلقان ما قلص من مساحة ألبانيا إلى مناطقها الوسطى.	178
تمكن رجال الشرطة من السيطرة على صاحبة ال53 عاماً خلال الواقعة صباح يوم الأحد.	73
استبدل الملك سلمان السياسي المخضرم برئيس هيئة السوق المالية, محمد الجدعان.	68
النفط والذهب والمواد الغذائية, مثل القمح, مواردٌ طبيعية, يستثمر فيها المستثمرون المليارات حول العالم.	94
ب71 هدفاً في 137 مباراة دولية, يكون صاحب الرقم القياسي في عدد الأهداف الدولية في تاريخ الاتحاد الألماني لكرة القدم.	108
بمساعدة بيانات بطاقة الخصم المباشر, حددت شرطة إسن أربعة أشخاص وقفوا مكتوفي الأيدي فيما كانوا يشاهدون متقاعداً يموت في أحد فروع المصرف.	141
لم يستبعد المتحدث الرسمي احتمال أن يخضع آخرون للتحقيق.	57
لكن لأن سيريس 1 لم تعد القديمة, يمكن للعديد من المستخدمين توفير 100 يورو.	70
تظهر الصورة بوضوح شريط شاشة اللمس الضيق الذي توقعته الشائعات فوق لوحة المفاتيح.	81
من غير المعروف كيف تعاون المسرحيان.	34
أظهرت دراسة سويدية أن هذه الحيوانات نادراً, إن لم يكن مطلقاً, ما تحط بعد فترة التكاثر التي تستمر لشهرين.	109
وفقاً لباركر, ينشط عملاء المخابرات الروسية بأعدادٍ كبيرة في بريطانيا العظمى.	82
أعلنت روسيا تعليق الاتفاقية في بداية تشرين الأول.	51
يحدد القانون عدداً من الشروط التي يمكن لتحقيقها أن يعيد الاتفاق إلى حيز التنفيذ: على الولايات المتحدة الأمريكية سحب كل قواتها من الدول التي انضمت إلى حلف الناتو بعد عام 2000, وإلغاء جميع العقوبات على روسيا بالإضافة إلى سداد التكاليف المتكبدة نتيجة للعقوبات.	256
قال: "إنها محاكمة سياسية وقد قررت عدم الحضور".	46
إذا استقال موظفٌ تركيٌ مثلاً, تأتي مجالس العمل التركية.	59
من وجهة النظر هذه, فإن البنى الفاسدة والنخب القانعة هي سبب تردي أوضاع النظام الصحي والتعليم والتجارة الخارجية في الولايات المتحدة الأمريكية.	131
بوسع كون هز رأسه فقط.	25
في تموز تحققت صحيفة "دي تسايت" لأول مرة مع شركة العقارات بشأن تدفقاتها المالية المشبوهة وخطر إفلاسها.	108
تبدأ ساعة السحر مع انطلاق عزف الأرغن الرهيب, مثل الأغنية الضاربة في الستينيات مونستر ماش.	85
برر فون بويست ارتفاع التكاليف بانعدام وجود تخطيطٍ دقيق.	61
يتلمس سيمون كريتشمر طريقه وحيداً عبر ثكنة متهالكة ومظلمة.	60
هذا لأن كل معجزة وكل منطقة متخصصة تحتل حقلاً بأكمله.	63
أوقف إنتاج طراز الهاتف الذكي كلياً.	38
كان يوم 30 آب 2015, عندما غزا جيشٌ من البط الإنترنت.	47
حصل جيل الهاتف الذكي على تطبيقٍ يستحقه, حيث كان أكثر المواقف غباء يحصد جمهورٍاً بالملايين في أحسن الأحوال.	119
من ناحية أخرى, كان فاين فناً في ست ثوانٍ.	45
والآن هو بطلٌ للعالم أيضاً.	30
مع ذلك, شكل نهائي الموسم بالنسبة إلى كيربر نهاية لعامٍ استثنائي.	66
بعد الفوز اللافت في بطولة أستراليا المفتوحة, خسرت البالغة من العمر 28 عاماً لأول مرة في نهائي بطولة ويمبلدون أمام سيرينا ويليامز.	122
من غير الواضح الآن في أيهما.	26
هل تقرع المنبه الخاص بك؟	24
الأمر واضح: يمكن للرجال تحمل مسؤوليات أكبر في مجال منع الحمل.	61
وفق المعتقدات المسيحية, فإن قبراً منحوتاً من الحجر الجيري كان المثوى الأخير ليسوع المسيح.	89
سبب الإعلان عن الفيديو في ألمانيا غير واضح.	41
سئلت من قبل الضباط بطريقتهم البلهاء الفريدة ما إذا كنت أعرف الكاتب غونتر دي بروين وما إذا كنا قريبين فكرياً.	108
المحقق الكندي الخاص بحادث تحطم الطائرة لاري فانس أخبر دير شبيغل أنه مقتنعٌ أن أحد الطيارين كان ينوي الهبوط بالطائرة فوق المحيط كي تغرق.	143
خرج الخبراء الأستراليون باستنتاجات جديدة من فحص دفة الهبوط الخاصة بطائرة البوينغ التي جرفتها الأمواج إلى تنزانيا في شرق أفريقيا.	130
قد لا تكون المشكلة قد انتهت بالنسبة إلى باروسو.	49
أثار استبدال باروسوس جدلاً كبيراً.	37
قال دوندار أن الاعتقالات الحالية "استمرارٌ للتضييق علينا".	55
من خلال الاتفاق بين عون والحريري, حدث تقاربٌ بين التحالفين المتخاصمين في الوقت الحاضر.	83
أصدر زوج المرشحة الحالية للبيت الأبيض, هيلاري كلينتون, عفواً عن عددٍ من الأشخاص, من ضمنهم ريتش أيضاً, في آخر يومٍ من ولايته الرئاسية, 20 كانون الثاني 2001.	153
حذر دوندار أوروبا بشأن التفهم الزائد لمسلك إردوغان.	55
أحمد ز. أمين, أمين عام الوكالة الدولية للطاقة المتجددة (إيرينا) متيقنٌ: "يمكن لقوة الرياح في عرض البحر أن تصبح أهم مولد للطاقة في اقتصادٍ عالميٍ يخلو من الطاقة القائمة على انبعاثات الكربون".	193
الأرقام الجيدة في آسيا دفعت أسواق مؤشرات أسواق الأسهم إلى الارتفاع فوراً.	77
من المتوقع حدوث دفعة جراء ازدهار سوق العقارات وزيادة النفقات الحكومية.	71
تلفت لوحتا لوكاس كارناخ الأكبر المعروضتان تحديداً الأنظار.	62
لذلك لن تختفي العلامات المزعجة بشكلٍ كلي: وفقاً للمعلومات الواردة من وكالة الأنباء الألمانية, فهي ستفعل فقط إن لم يكن الفنان أو شركة التسجيلات مثلاً, عضواً في هيئة الأداء الموسيقي وحقوق النسخ الإلكترونية الألمانية ولم يكن لديه اتفاقية مع يوتيوب.	252
لا تصيب الملوثات رئات الصغار فحسب, بل يمكنها أيضاً أن تؤثر على تطور أدمغة الأطفال على المدى الطويل.	108
ليس من المستغرب أن الحكومتين الفيدرالية والولائية صنفتا التراث الطبيعي الوطني باعتباره مسؤولية مجتمعية ذات أولوية قصوى ووثقتا ذلك بدءاً من عام 2005 في اتفاقية تعاون.	159
بخلاف تلك المؤرخة في الثامن والعشرين من تشرين الأول, فإن رسالة السيد كومي بالكاد تم التعليق عليها.	95
لو أن منافسته الديمقراطية فازت بالانتخابات, لكانت "رهن التحقيق لسنوات" حسب تأكيده.	84
سخر أوباما قائلاً: "إن لم يكن بوسع أحدهم التحكم بحسابٍ على تويتر, لن يكون بوسعه التحكم بالشفرة النووية".	110
وفق البرنامج, ستتحدث عند الساعة 23:45.	36
يوم الثلاثاء, قد تنتخب الولايات المتحدة الأمريكية أول رئيسةٍ في تاريخها.	72
من ناحية أخرى, علاقات السيدة كلينتون مع القارة على مدى السنوات العشرين الماضية لم تكن مرضية بتاتاً.	96
اتخذ المحافظون الإسلاميون في حزب العدالة والتنمية هذا الرفض كمبررٍ للاستجوابات.	80
يتطلب الأمر غالبيةً مع حزب آخر, تحديداً أصوات 367 نائباً (من بين 550), في حين المطلوب 330 صوتاً لإجراء استفتاء.	108
في يوم الثلاثاء, الثالث من تشرين الثاني, قرر عمدة سان-غودانس (في إقليم غارون العليا) تعليق اتفاقية التنمية الحضرية الموقعة مع الحكومة المشكلة عام 2014.	144
يشرف الأخير على انتخابات الجمهوريين التمهيدية, التي تدعم فيها رشيدة داتي ترشيح نيكولا ساركوزي.	99
في الخطاب, اتهمت وزيرة العدل السابقة بريس هورتيفي بأنه "فاشي" و"وزير (أحمق) الداخلية" و"بلطجي".	95
ما هي القيود التي من شأنها منع التعبير عن المعتقدات الدينية في الشركات الخاصة؟	69
حتى لو كانت الغالبية العظمى من الحالات التي تنشأ في مكانا لعمل يمكن حلها من دون نزاعات.	85
هل يسمح للعاملين بإبقاء أغراض دينية على مكاتبهم؟	54
تعرب نقابة "فورس أوفريير" عن أسفها على أن ملاحظاتها على محتوى الدليل لم تدرج, وقالت السيدة جيلار: "لم يجر أي تشاور حقيقي".	126
الدليل إشكالي, أولاً لأنه وضع "في سياق حالة طوارئ".	53
أدرج القانون الوقت المستغرق للذهاب إلى منازل العملاء ضمن ساعات العمل.	66
قدمت المنظمتان طعناً رفضته محكمة النقض في الثاني عشر من تشرين الأول.	71
يهدف إلى أخذ وقت الانتقال بعين الاعتبار بعد خصم هذا من ساعات العمل المنجزة فعلاً, من دون التمكن من قياس الوقت الحقيقي للانتقال.	124
وقت العمل المبذول في هذه الساعة الأولى يساوي 45 دقيقة تقريباً.	61
وكشف ممثل فرنسا قائلاً "إيتا في طريقها إلى الخروج".	56
كما علق قائلاً أن "وجود مثل هذه الوثيقة قد يؤدي إلى نتائج واعدة بقدر ما هي غير مرضية".	91
يمكن للمجلس الوطني الرقمي الفرنسي, الذي يقدم المشورة بشأن مشاريع القوانين الخاصة بمسائل التكنولوجيا الرقمية, أن ينظر في الأمر.	123
وفقاً لجريدة لو فيغارو, يمكن لهذه الخطة الحكومية أن توفر 42 مليون يورو, ستذهب 15,5 مليون منها لتحقيق الأمن.	111
ليس لدى فرنسا سمعة طيبة.	25
ولدت تينا أنسلمي في 25 آذار, 1927 في كاستلفرانكو فينيتو, ترعرعت في كنت عائلة كاثوليكية مناهضة للفاشية, والتي اشتهرت باضطهاد والدها الاشتراكي المتشدد.	143
بما أنها كانت قريبة دوماً من الاتحاد الكاثوليكي, اهتمت تينا أنسلمي على وجه الخصوص بحقوق عمال النسيج والمعلمين.	110
من الصعب تصور أن كليومترات خطوط المترو في إيطاليا أقل منها في مدريد.	67
تم التأكيد على أننا قطعاً لا نستطيع المواصلة مع أولئك الذين يقفون كلياً ضد إيطالياً.	90
سنقيم احتمالية وكيفية المواصلة حتى القسم التالي.	44
الأغنية الناجحة هي "جيرونيمو" لشيبارد.	39
سيتم تقديم 500 يورو من قبل الدول لأولئك الذين بلغوا السن, لينفقوها قبل 31 كانون الأول 2017.	82
تستحدث قسيمةٌ يمكن حفظها في هاتفك الذكي أو تقديمها إلى الصراف.	72
بدءاً من الأول من كانون الثاني ستكون هناك زيادة في البنزين والديزل.	65
أعلنت سي جي آي ميستري في مذكرة, أنه لن تكون هناك أي زيادة في ضريبة القيمة المضافة, حتى عام 2017 على الأقل.	106
مستوى في كلتا الحالتي هو الأعلى في الاتحاد الأوروبي.	49
تعود آخر الأرقام إلى 24 تشرين الأول من العام الماضي, وتظهر لنا أن الديزل لدينا يكلف 1,335 يورو لليترمقارنةً بمعدل منطقة اليورو الذي يبلغ 1,165 يورو.	139
هي كلفة أعلى بكثير بحيث تتجاوز بوضوح المتوسط في الدول التي تتبنى العملة الموحدة, والذي يعادل 1,365 يورو لليتر.	109
سحب كورادو باسيرا العرض المقدم إلى بنك إم بي إس نتيجة "موقف الانغلاق التام الذي أبداه البنك تجاهنا".	99
كما هو موضح, القرار من اختصاص البنك المركزي الأوروبي وسيكون من غير المناسب أن يتحدث البنك باسمه عبر استبعاد إمكانية النظر في بدائل أخرى.	135
هذا ما كان مكتوباً في مذكرة إلى بنك إم بي إس بعد قرار الوزير السابق بترك الاتفاق.	84
سوف يخضع للتقييم.	21
أبلغ طلاب الجامعة الحرة الدولية للدراسات الاجتماعية أثناء اجتماعٍ انعقد في روما.	79
صباح اليوم, التقى البابا فرانسيس مارك زوكربيرغ وزوجته في بيت القديسة مرثا.	73
طور أربعة طلاب في جامعة روما الثالثة خوذة دراجة نارية يمكنها "قراءة الأفكار" من خلال المساعدة على توقع تصرفات السائقين.	121
أحد أمثلة بحثٍ مطبقٍ في ظل إجراءات سلامة أنتج أيضاً إنساناً آلياً لمنافسة فالنتينو روسي.	102
في المقابل, ستحصل أوبر على استثمار بمليار دولار ومقعد في مجلس إدارة الشركة الصينية.	86
شركات متزايد تأخذ زمام المبادرة أكثر من أي وقتٍ مضى في وول ستريت, أكثر حتى من وادي السيليكون.	98
أصبحت أمازون رابع أكبر شركة أمريكية من حيث القيمة السوقية, متجاوزةً إكسون موبيل.	86
رؤساء شركات مثل سبوتيفاي وتسلا وأوبر وسنابتشات سيحضرون اجتماعاً خاصاً بالإضافة إلى قمة ماونتين فيو.	107
تمثل رئيسة منطقة مدريد, كريستينا سيفوينتيس, الأكثر محافظةً, في حين أن قادةً من الحزب, مثل وكيل القطاع, خافيير ماروتو, يمثلون الأكثر تقدميةً.	151
يعمل دوران كمتحدثٍ رسمي وآنخل بيتادو كأمينٍ للصندوق.	60
للمرة الأولى خلال السنوات الست الماضية انخفض معدل البطالة تحت 20%, وبات هناك بالفعل زيادة في العاملين بمقدار 600000 شخص عنما كان عليه الأمر قبل عام.	134
إدارتها, مع ذلك, لم تكن تخلو من الانتقادات.	44
كانت النقابات شرسة للغاية وفي مناسباتٍ عدة كانت تدعو إلى إلغاء التشريعات التي تشكل مدعاة فخرٍ لفاتيما بانيز.	113
يواجه هذا القسم تحدياتٍ جديدةً الآن.	38
علاوةً على ذلك, سيتحتم على الحكومة التعامل مع "مشكلة عويصة" أخرى.	71
سمح لها وزير الدفاع بأن تبقى الأمين العام للحزب في الوقت الراهن.	63
قالت مصادر مطلعة أنه " 100% كوسبيدال".	32
بالرغم منهم, لم يفهم الكل في الحزب الرسائل التي حاول الرئيس توجيهها إليهم بالأمس.	76
البارون دي كلاريت, الشخص الوحيد في الحكومة الذي يحمل لقباً نبيلاً.	68
بيدرو سانشيز, مثل الكثير من الاشتراكيين الآخرين, قال في برنامج إيفول أن إسبانيا أمةٌ من الأمم.	94
وماذا عن الأحزاب في ماذا, في الحقوق التاريخية؟	47
قال فيديريكو فيليني ذات مرة: "المهرج بالنسبة إلى الإنسانية كالظل بالنسبة إلى الإنسان".	82
وقف وحيداً أمام الجمهور ,وفي نهاية المطاف, أخرج أفضل ما فيه كي يثير ضحك الجمهور.	87
في الأفلام الحربية وأفلام رعاة البقر والهنود الحمر, كانت مشاهد القتال والضرب مبهرة إلى أقصى حد.	92
التفخيم والسخرية المتقنة والتلميحات الفجة وغيرها من الزخارف اللفظية تندرج في في الخطابة البرلمانية, لكن تنقير النواب على بعضهم البعض والكوميديا التهريجية فلا تندرج.	161
هو يعتقد أن لا أحد ينتظرنا ينتظرنا.	39
ربما لهذا السبب تغرورق عيناه بالدموع فيما يكشف مقطع الوقت محصوله ويسلم سره إلى المياه المقيدة.	95
ويجب أن تستقبل بروحٍ منفتحة وذهنٍ صافٍ لأنها تشكل الجيل الجديد من الجمال والأمل.	85
نتيجةً لذلك, ترامب ليس قلقاً جداً بشأن تصويت الأمريكيين اللاتينيين على المستوى الوطني.	93
يوحي التصويت المبكر أن الأمريكيين اللاتينيين سيخرجون للتصويت بأعدادٍ كبيرة, لكن من غير الواضح إذا ما سيكون لهذه الزيادة تأثيرٌ.	132
صرحت المعارضة لإل موندو قائلةً: "سيكون هناك احتجاجات وغيرها من الأمر, لقد خطط لكل شيءٍ بالفعل".	102
يحتفل العشرات من أتباع الجبهة الساندينية للتحرير الوطني بالفعل في ساحة بلازا دي لاس فيكتورياس.	92
تلقت ماي انتقادات كبيرة لتجنبها الإعلام وعدم التجاوب معه بوضوح بعد الحكم القضائي بشأن انسحاب بريطانيا من الاتحاد الأوروبي.	123
انطلق عام 1925 مهرجان العامة, المهرجان المسرحي في الهواء الطلق الذي يقام على السلالم الكبيرة أمام كنيسة سان مايكل ولا يزال يستقطب جمهوراً من جميع أنحاء البلاد.	148
جرى الافتتاح الرسمي في 30 نيسان 1955.	30
عام 1882, وضع نظامٌ تلغرافي مجهزٌ ب34 جهاز إنذارٍ قيد الخدمة.	64
عام 1992, بات مسرح العرائس السابق الذي سلمته البلدية في عهدة الممثلين والموظفين.	69
إنه أحد المباني القليلة في مركز المدينة التي نجت من الدمار مع نهاية الحرب العالمية الثانية.	79
عام 1832, باعت ولاية فورتمبيرغ الدير السابق للصناعي غيورغ رايشنباخ بشرط إنشاء مصنعٍ للقطن هناك.	99
الجالية الإسلامية التي استقرت هنا منذ بداية الستينيات هاجرت بمعظمها من تركيا.	73
من بينها منطقة الدير السابق وكنيسة القديسين بطرس وبولوس.	53
شيد مبنى البلدية التاريخي في أوبرمرسبورغ أصلاً في القرن التاسع عشر, وأعيد بناؤه بعد حرب الثلاثين عاماً.	102
ثمة نظريات مختلفة حول أسباب ترك المكان.	42
تضم حديقة غولدن غيت التي يبلغ طولها أربعة كليومترات حديقة نباتية وقبة سماوية وحديقة شاي يابانية وحوض أسماك.	112
إنها بمثابة مكانٍ حضري للترفيه والاستجمام بالنسبة إلى سكان سان فرانسيسكو.	79
أنشئت حديقة ييربا بوينا على سطح مركز موسكون نورث للمؤتمرات في بداية التسعينيات.	87
تضم نصباً تذكارياً لمارتن لوثر كينغ جونيور.	51
منذ الستينيات, يشهد اقتصاد المدينة انخفاضاً حاداً.	54
خلال الانتخابات العامة لعام 2010, تمكن حزب العمال من الفوز في كل الدوائر الانتخابية السبع.	76
كلٌ من توقيت هذا الحدث وتسلسله الزمني مثارٌ لجدلٍ كبير.	59
في نيسان من عام 2012, أعرب رئيس الوزراء التركي إردوغان عن خطط حكومته لتخفيف العبء عن البوسفور من خلال إنشاء قناة إسطنبول الموازية له.	131
لا سيما أن العثمانيين أرادوا منع تصدير الحبوب نظراً لحاجتهم الشديدة إليها.	74
حرمت الإمبراطورية العثمانية وروسيا من إبقاء أساطيل حربية في البحر الأسود.	69
كانت إحدى أكثر الثقافات انتشاراً في نطاقها خلال تلك الحقبة, حيث عرفت في العديد من المواقع الأخرى.	106
تعود الاكتشافات إلى بداية القرن الخامس قبل الميلاد, مثل معظم المواقع في جنوب شرق أوروبا.	86
قد يكون أشهر إنسانٍ من العصر النحاسي هو المومياء المتجمدة أوتزي, الذي عاش عام 3300 ق.م تقريباً.	92
تواجدت في المرتفعات بشكلٍ أساسي.	34
من الناحية التقنية, فإن طريقة طلي النحاس لديهم جديرة بالملاحظة.	61
أثار عنف وضرواة الثورة في الريف كلاً من البلاط والجمعية الوطنية في فرساي.	70
عرف بالأمر في باريس واستمر في إذكاء الاستياء الذي بدأ بالفعل مع استمرار ارتفاع أسعار الخبز وانعدام المؤن.	103
لم يتخذ الملك احتياطاتٍ خاصة أثناء هروبه وتم التعرف عليه عدة مرات في أماكن مكوثه.	83
لاقى النشيد استحساناً وطالب الجمهور بعزفه مجدداً.	53
أعلن نهاية أول ألعاب أولمبية دولية.	36
جلبت الحرب العالمية الأولى تحولات ووقائع جديدة في السياسات الاستعمارية.	65
بدأت الثورة الصناعية في بريطانيا العظمى قبل أي بلدٍ آخر في العالم.	65
أظهرت أزمة السويس حدود قدرات القوى الاستعمارية القديمة مثل بريطانيا العظمى وفرنسا في عالمٍ متغير.	96
بعد استيلاء النازية على السلطة عام 1933, ظهرت جهود متعارضة في الرايخ الألماني لاستعادة المستعمرات القديمة.	95
بعد الثورة الروسية عام 1917, نالت بعض الدول استقلالها, مثل فنلندا وبولندا ودول البلطيق.	76
كانت إحدى آخر وسائل الضغط لديه على هنغاريا التهديد بإقامة انتخابات عامة وحرة.	84
بعد التسوية, حرص الإمبراطور والملك فرانز جوزيف الأول على معاملة مملكتيه من دون تمييز.	84
حل دير ديزيبودنبيرغ نتيجةً لحركة الإصلاح وبات أطلالاً.	61
واليوم, هناك آثارٌ كثيرة يمكن زيارتها.	42
عام 1632, دمر دير روبرتسبيرغ خلال حرب الثلاثين عاماً من قبل القوات السويدية.	69
انتقلت الراهبات المشردات إلى دير أيبينغين.	42
أعيد بناء الأنقاض لاحقاً.	28
بعد هذه النجاحات, وقع عقداً مع فريق تيليكوم وانتقل للإقامة مع حبيبته في مردينغين في جنوب بادن, حيث عاش حتى عام 2002.	118
في دورة الألعاب الأولمبية في آثينا عام 2004, دخل أولريش سباق الدرجات على الطريق كحامل لذهبية عام 2000, هادفاً الفوز بميداليته الذهبية الثانية.	138
استبعدت الرقابة كل الآراء غير المرغوب بها, وباتت المشاركة في الحياة العامة شبه مستحيلة.	80
كانت آثار الدماء على الملابس بذات الهيئة التي ورد ذكرها في التقارير الإخبارية في يوم جريمة القتل.	92
كرم فايس بنيله جائزتي مدينتي كولونيا وبريمن الأدبيتين.	53
سراً وعلانية, سعى شبرينغر بقوة للمصالحة مع الشعب اليهودي وسافر عدة مرات إلى إسرائيل.	84
احترق الشاليه تماماً.	21
في العام التالي, عام 1977, نال وسام الصداقة الأمريكي نظراً إلى موقف الودي لصحافته تجاه الولايات المتحدة الأمريكية.	107
تضم منطقتا فيغييه ولا كونت غالبية المساكن الاجتماعية في المدينة, حيث يتشكل السكان بشكلٍ أساسي من المهاجرين أو من أبناء المهاجرين.	124
يرتبط تاريخ قرقشونة ارتباطاً مباشراً بكونها مدينة حصينة.	62
في بداية الألفية, كان هناك خمسة أطباء لكل 100000 نسمة.	53
تستشهد منظمة العفو الدولية بمقالات صحفية من عام 2008 تصف مقتل خمسين شخصاً اتهموا بممارسة السحر.	94
وقعت عينا فون بيلينغزهاوزن على القارة القطبية الجنوبية في 27 كانون الثاني 1820, قبل ثلاثة أيام من رؤية برانسفيلد لليابسة, وقبل عشرة أشهر من قيام بالمر بذلك في تشرين الثاني 1820.	174
في بعثة إنديورنس الاستكشافية عام 1914, أبحرت السفينة البريطانية إنديورنس, بقيادة القبطان السير إرنست شاكلتون, وعلى متنها ثمانية وعشرون رجلاً لعبور القارة القطبية الجنوبية.	168
كان هذا المخطوط هو أساس القانون الروماني ومؤسسات الجمهورية الرومانية والموس مايوروم.	78
مع ذلك, أجبر بيروس على ترك صقلية من أجل حضور أعمالٍ تجارية في جنوب إيطاليا.	82
في القرن الثامن قبل الميلاد, بدأت اليونان بالخروج من العصور المظلمة بعد سقوط الحضارة الموكيانية.	91
ضاعت القراءة والكتابة وباتت الكتابة الموكيانية طي النسيان, غير أن الإغريق اعتمدوا الأبجدية الفينيقية, وعدلوها لوضع الأبجدية اليونانية.	127
بدءاً من القرن التاسع قبل الميلاد, بدأت أولى النصوص الإغريقية بالظهور.	69
كانت اليونان مقسمة إلى عدة مجتمعات صغيرة تتمتع بالحكم الذاتي, وهو نمطٌ أملته بالأساس جغرافيا اليونان: كل جزيرة أو وادٍ أو سهل معزولٌ عن محيطه بالبحر أو بالسلاسل الجبلية.	172
بدءاً من القرن الثامن قبل الميلاد بدأت الدول المدينة بالظهور: وهي أقاليم صغير تتمتع بالحكم الذاتي ولها نظمها السياسية الخاصة بها.	120
في العصور الوسطى, لم يكن بوسع معظم المسيحيين قراءة الإنجيل بلغتهم الأم.	71
مع ذلك, لم يتوسعوا إلى أن صنعت سفنٌ كبيرة بما يكفي لعبور البحار.	69
طورت التجارة من خلال إنشاء مواقع تجارية في أرجاء البحر المتوسط, وهي طريقة لم تكن متبعة حتى ذلك الحين.	101
يمكن اعتبار هذه القضية بمثابة نقطة انطلاق مسيرته كثوري راديكالي.	71
في بلوفيوس من السنة الثالثة (كانون الثاني-شباط 1794), بعد أن خفف من وطأة عهد الإرهاب, اتخذ عدة تدابير لتحرير المشتبه بهم.	118
بما أنها ممولة كلياً بأموال برنار تابي الخاصة, أغلقت هذه المدارس عام 1994 عند إعلان إفلاسه.	88
رغم أنها الموزع الأول للمعدات والمنسوجات في العالم, كانت الشركة الألمانية في ورطة مالية.	80
للابتعاد عن كل ذلك, أقام آل ريمي في سويسرا معظم صيف 1947.	56
عند عودتهم, طابت لهم فكرة العيش في جنوب أفريقيا, بعيداً عن المشاكل في بلجيكا ما بعد الحرب.	93
في ربيع عام 1948, وأملاً بتحويل تانتان إلى عملٍ سينمائي, كتب الفنان البلجيكي رسالةً إلى والت ديزني, طالباً دعمه من دون جدوى.	124
في الصيف, عاد جورج وزوجته إلى سويسرا, ترافقهما روزان, فتاة في الثامنة عشرة من عمرها وكانت ابنة إحدى صديقات جيرمين.	123
خلال العطلة, دخل في علاقة خارج الزواج مع الفتاة الشابة, وقد اعترف بذلك بعد فترة وجيزة.	88
في الجزء الأدنى, هناك ثلاثة أشجار نخيل تطل على البحر, وتمثل المحبة التي يكنها أهل هذه الجزيرة لأرضهم.	109
علاوةً على ذلك, فإن حدوث أعاصير في الجزيرة محتملٌ خلال الصيف.	66
تقع هذه الجزر على الفالق الهندي الأسترالي, الفالق الذي نشأ نتيجة اصطدام الصفائح الهندية بالأسترالية.	98
ومن الأشياء التي تدعم هذه النظرية وجود قطيع ملكي كبير من الخيول في فيلا بيلوكا, في سستو سان جوفاني.	98
عام 1928, أنشئ ملعب غولف بمساحة 90 هكتاراً في الجزء الشمالي الشرقي من الحديقة, بجوار مضمار السباق.	94
عام 1976, لم يعد مضمار السباق مستخدماً, وفي عام 1990, دمر حريقٌ ما تبقى من المدرجات الخشبية, والتي هدمت لاحاقاً مع الإسطبلات.	117
في آب من عام 1969, حذف البابا بولس السادس عقوبة الإعدام من قوانين الفاتيكان وألغاها من جميع الجرائم.	92
إصدار العملة المعدنية له علاقة بمسألة جمع العملات في الغالب, وبنية بيعها لهواة جمع العملات بالأساس.	92
الجزء الداخلي من المنطقة مسطح ومليء بالتلال, بحيث لا يمكن تمييز جزءٍ عن آخر.	82
ثمة العديد من الآثار منذ ما قبل التاريخ, منها شواهد قائمة ومناطير.	60
تأسست المنطقة الملكية البولية والكلابرية, والتي ضمت سامنيوم أيضاً, وأجزاء من موليزي وبازيليكاتا الشرقية.	102
خلال القرن الثالث عشر, استخدم بعض الكتاب اسم بوليا للدلالة على الجزء الجنوبي من شبه الجزيرة الإيطالية.	100
يشير المؤرج ديفيد كراوتش إلى أن ستيفن ترك المواجهة في ذلك الوقت تقريباً ليركز على مشاكل أخرى.	105
كان قلةٌ منهم فقط (الإيرلات) موجودين في عهد هنري الأول وكان لهذا رمزية كبيرة.	80
خلال حرب التحالف الأول, سرعان ما سلطت الأضواء على ضابط مدفعية كورسيكي شاب, في أعقاب الثورة الفرنسية: نابليون بونابرت.	117
برغم عدم إنهائه للصراع, أجبر النصر الفرنسي في معركة مارينغو النمساويين على تسليم إيطاليا للمرة الثانية.	102
أدى حصار أسطول فيلنوف إلى التخلي عن خطة غزو الجزر البريطانية, وأيضاً بسبب حدوث تطورات جديدة في القارة.	111
كان نابليون واثقاً من أن النجاح الواضح في أوسترليتز سيؤدي إلى معاهدة سلام شاملة, غير أن آماله سرعان ما تبددت: رفض رئيس الوزراء البريطاني الجديد اللورد غرينفيل أي اتفاق, كما فعل القيصر ألكسندر.	193
فيما يتعلق بالممارسات الدينية, تلقى فيوريلو تعليمه الكنيسة الأسقفية, وظل عضواً في الكنيسة البروتستانتية طوال حياته.	114
أخبره الرجل أن الحرب بين العالمين قادمة, وكان قد تنبأ هو ووالتر, أن ثمة سبباً وجيهاً أن وليفيا, من بين الآخرين, دربت عندما كانت طفلة.	131
التقى طالبا غوفريدو بيتراسي, إينيو موريكوني وبرونو نيكولاي في معهد سانتا (القديسة) سيسيليا.	90
نشأت بينهما علاقة مهنية وودية طويلة استمرت لسنوات.	51
يتعاون نيكولاي في العديد من الموسيقى التصويرية للأفلام السينمائية التي ألفها موريكوني مثل فيلم ميتي, في إحدى الأمسيات خلال العشاء, ألفت بعضها من قبل الاثنين معاً.	155
مع ذلك, انهارت الصداقة بسبب التعاون غير الرسمي بين الاثنين, والذي أدى إلى نزاعات قانونية.	86
خلال مرات التعاون المختلفة, من غير الواضح من من بينهما وضع بعض اللمسات في التوزيعات الموسيقية والتي ظهرت لاحقاً في أسلوب كلا الفنانين.	123
في القرن العشرين, بين عامي 1904 و1914, أحدث أنتونيو غاودي نظاماً استمر لعشر سنوات.	79
فيه ثلاث مصليات كنسية متوازية عند القبة والعديد من المصليات الكنسية الجانبية بين الدعامات.	81
يقضي التقليد على أن الشكل اختير عن قصد بسبب العدد الكبير من اليهود الذين اعتنقوا المسيحية وعاشوا في بالما.	100
قبل تشكل جبال الأنديز, كانت الحافة الغربية لأمريكا الجنوبية تشهد العديد من الحركة الأوروجينية.	94
تنتمي جبال الأنديز الوسطى إلى ما يدعى "أنديز دي تيبو أدينو" التي تشكلت من خلال انغراز القشرة المحيطية.	102
مع ذلك, أثار الانفصال بينه وبين ليناريس ووقف الخط التقدمي ثورة الحقوق التي أطاحت به عام 1879.	90
في ظل إدارته, تمت الموافقة على تصويت الإناث, وتم تقنين الأحزاب السياسية, وسمح لكل المنفيين بالعودة وأطلق سراح من تبقى من المعتقلين السياسيين.	140
أدى انهيار عشرات المصارف والتدخلات التي جرت فيها إلى هروب رؤوس الأموال مما سبب إفلاس الشركات.	93
إنه الجزء من هذا الحد الثاني إلى الحد الخارجي, الخط الوهمي الذي يربط المنارة في بونتا ديل إستي ومالمنارة في بونتا راسا.	113
بدأت الأمور تشهد تغييراً في تشرين الأول 1777 استسلمت القوات البريطانية بقيادة الجنرال جون بيرغوين في ساراتوغا شمالي ولاية نيويورك.	128
كانت الضربة القاضية والدافع الذي احتاجه المستوطنون لنيل استقلالهم.	62
الهنود الحمر الذين وصلوا من كندا, بقيادة جوزيف برانت, دعموا البريطانيين لأن المستعمرين كانوا يصادرون المزيد والمزيد من أراضيهم.	122
كانت الحملة بقيادة الجنرال جوزيف بيريغوين الذي كان يهدف إلى الوصول إلى ألباني.	81
مع ذلك, تم اعتراضهم وكان عليهم خوض معركة في فريمان, بالقرب من نهر هدسون.	73
إسبانية العصر الذهبي أو الإسبانية الحديثة المبكرة هي بديلٌ عن اللغة التي تشكل الانتقال من إسبانية العصور الوسطى إلى الإسبانية الحديثة.	127
من جهةٍ أخرى, يحوي التاريخ الخارجي للغة على إشاراتٍ عن تاريخ متحدثي الإسبانية, وعلى تقلباتهم التاريخية وعلى الاستخدام الاجتماعي للغة.	139
بالرغم من ذلك, لو تم القبول بالقانون الإنجليزي, لكان لبنات لويس الخامس وفيليب الخامس وكارلوس الرابع حقٌ بالمطالبة بالعرش أكثر من عمتهم إيزابيلا فرنسا.	150
محاولات بسط السلام انتهت أخيراً في ربيع عام 1415 وقرر إنريكه تنفيذ خطته: غزو كامل مملكة فرنسا.	98
كما أنه استعرض مع فدرالية بوينوس آيريس, تمديد القانون التجاري وتعيين جنرالاتٍ جدداً في الجيش.	91
عام 1976 التقى بصديقٍة عملت في شركته للتسجيلات شركة ذا روكيت ريكورد كومباني, كيكي دي, لتسجيل ما سيكون نجاحاً كبيراً آخر له: "لا تشرع بفطر فؤادي".	157
تولى بومبي قيادة فيلقين في كابوا وبدأ برفع الضرائب بشكل غير قانوني, وهو تصرفٌ, بقدر ما كان متوقعاً, استغل أتباع قيصر الذين كانوا في صفه.	145
تبلغ قيصر شخصياً بتصرفات بومبي من قبل كوريو, الذي كانت ولايته قد انتهت في ذلك الوقت.	88
في الوقت نفسه, احتل مكانه في المنصة من قبل مارك أنطونيو, الذي شغل المنصب حتى كانون الأول.	88
لكن عندما أجابه مجلس الشيوخ بشكل قاطع من خلال منعه من المنافسة في القنصلية ومنحه خيار سحب قواته أو أن يصبح عدواً للشعب, أدرك أنه, مهما كان الخيار الذي سيأخذه, سيسلم نفسه أعزلاً إلى أيدي أعدائه السياسيين.	210
في 1 كانون الثاني من عام 49 ق.م, قرأ مارك أنطونيو تصريحاً من قيصر يعلن فيه الحاكم نفسه صديقاً للسلام.	105
