sent_id	sent_correct	sent_wrong	swap_head	feature_vals
w01067059	Er regierte nur 15 Jahre, dies ist duch die unvollständige Bauweise vieler seiner Bauwerke belegt.	Er regierten nur 15 Jahre, dies ist duch die unvollständige Bauweise vieler seiner Bauwerke belegt.	regierten	SG -> PL
n01035004	Trotz der Veröffentlichung eines Fotos heute Morgen sagt die Polizei in British Columbia, dass sie mehr Fragen als Antworten hat, was einen anscheinend obdachlosen Mann betrifft, der angeklagt ist, weil er eine Jugendliche an ihrer High School in Abbotsford erstochen haben soll.	Trotz der Veröffentlichung eines Fotos heute Morgen sagt die Polizei in British Columbia, dass sie mehr Fragen als Antworten hat, was einen anscheinend obdachlosen Mann betriffst, der angeklagt ist, weil er eine Jugendliche an ihrer High School in Abbotsford erstochen haben soll.	betriffst	3 -> 2
n01110006	Ein Investor mit einem durchschnittlichen Maß an Glück, der 10.000 GBP in Anleihen angelegt hat, kann mit einem Ertrag von 125 GBP pro Jahr rechnen.	Ein Investor mit einem durchschnittlichen Maß an Glück, der 10.000 GBP in Anleihen angelegt hast, kann mit einem Ertrag von 125 GBP pro Jahr rechnen.	hast	3 -> 2
w01007070	Seine Polizei umfasst eine Sondereinheit, die Streifen- und Überwachungsboote betreibt.	Seine Polizei umfasst eine Sondereinheit, die Streifen- und Überwachungsboote betreibst.	betreibst	3 -> 2
n01022002	Eine Überprüfung der nationalen Pläne zu der Kohlenstoffsenkung durch die UN ergab eine deutliche Überschreitung der Level, die dafür nötig sind, den globalen Temperaturanstieg unter 2°C zu halten.	Eine Überprüfung der nationalen Pläne zu der Kohlenstoffsenkung durch die UN ergaben eine deutliche Überschreitung der Level, die dafür nötig sind, den globalen Temperaturanstieg unter 2°C zu halten.	ergaben	SG -> PL
w05005083	Die Situation veränderte sich ab dem Oktober 1777, als britische Streitkräfte unter dem Kommando von General John Burgoyne in Saratoga in dem Norden des Staates New York kapitulierten.	Die Situation veränderte sich ab dem Oktober 1777, als britische Streitkräfte unter dem Kommando von General John Burgoyne in Saratoga in dem Norden des Staates New York kapitulierte.	kapitulierte	PL -> SG
n01059019	Republikanische Wirtschaftsexperten warnen davor, diese Daten als Beweis dafür anzusehen, dass ihre Partei keine Ahnung von Wirtschaftspolitik hat.	Republikanische Wirtschaftsexperten warnt davor, diese Daten als Beweis dafür anzusehen, dass ihre Partei keine Ahnung von Wirtschaftspolitik hat.	warnt	PL -> SG
n01043005	Leitende Angestellte erhielten ebenfalls eine sogenannte „Leistungszulage“ für das Erfüllen oder Übertreffen der Erwartungen, die sich insgesamt auf 1,5 Millionen Dollar beläuft bzw. durchschnittlich geschätzte 15.000 Dollar pro Person beträgt.	Leitende Angestellte erhielt ebenfalls eine sogenannte „Leistungszulage“ für das Erfüllen oder Übertreffen der Erwartungen, die sich insgesamt auf 1,5 Millionen Dollar beläuft bzw. durchschnittlich geschätzte 15.000 Dollar pro Person beträgt.	erhielt	PL -> SG
n05007006	Er glaubt, dass niemand der auf uns Wartenden auf uns wartet.	Er glaubt, dass niemand der auf uns Wartenden auf uns warte.	warte	3 -> 1
n01112012	Der Kunde kann die Forderung nach Veränderung verstärken.	Der Kunde kannst die Forderung nach Veränderung verstärken.	kannst	3 -> 2
n02011003	Mithilfe von EC-Kartendaten ermittelt die Essener Polizei gegen vier Personen, die tatenlos dabei zugeschaut haben sollen, wie ein Rentner in einer Bankfiliale verstarb.	Mithilfe von EC-Kartendaten ermittelt die Essener Polizei gegen vier Personen, die tatenlos dabei zugeschaut haben sollen, wie ein Rentner in einer Bankfiliale verstarbst.	verstarbst	3 -> 2
n01133014	Die niederländischen Studierenden müssen sich noch entscheiden, ob sie ihr elektrisches Motorrad kaufmännisch verwerten möchten.	Die niederländischen Studierenden muss sich noch entscheiden, ob sie ihr elektrisches Motorrad kaufmännisch verwerten möchten.	muss	PL -> SG
n01016014	Die südkoreanische Firma ging zunächst von einem Akkufehler aus und tauschte ihre eigene Komponente gegen eine Batterie von einem anderen Hersteller aus.	Die südkoreanische Firma gingen zunächst von einem Akkufehler aus und tauschte ihre eigene Komponente gegen eine Batterie von einem anderen Hersteller aus.	gingen	SG -> PL
n05003010	Die zu der Rate gezogenen Quellen besagen, dass sie zu 100 % Cospedal ist.	Die zu der Rate gezogenen Quellen besagt, dass sie zu 100 % Cospedal ist.	besagt	PL -> SG
n01002058	Was sie sagt und was sie tut - eigentlich ist es unglaublich.	Was sie sagt und was sie tue - eigentlich ist es unglaublich.	tue	3 -> 1
n01120010	Die Geschichte von Doss hat auch etwas Unglaubhaftes an sich, das sie nur umso attraktiver macht.	Die Geschichte von Doss hat auch etwas Unglaubhaftes an sich, das sie nur umso attraktiver machst.	machst	3 -> 2
w01026024	Die Menge der auf der Donau transportierten Waren stieg in dem Jahr 1987 auf ungefähr 100 Millionen Tonnen an.	Die Menge der auf der Donau transportierten Waren stiegen in dem Jahr 1987 auf ungefähr 100 Millionen Tonnen an.	stiegen	SG -> PL
w04002055	1976 war die Rennbahn nicht mehr in Benutzung, und 1990 wurden die Überreste der hölzernen Haupttribüne durch ein Feuer zerstört und später zusammen mit den Ställen abgerissen.	1976 waren die Rennbahn nicht mehr in Benutzung, und 1990 wurden die Überreste der hölzernen Haupttribüne durch ein Feuer zerstört und später zusammen mit den Ställen abgerissen.	waren	SG -> PL
n01123024	Vielleicht spielt es keine Rolle, da ich das Problem nicht lange haben werde.	Vielleicht spielt es keine Rolle, da ich das Problem nicht lange haben wirst.	wirst	1 -> 2
n01150051	Für die Toten ist Architektur keine Hilfe mehr, doch sie kann bei den Lebenden die Erinnerung an die Verstorbenen aufrecht erhalten, sagt er.	Für die Toten ist Architektur keine Hilfe mehr, doch sie kann bei den Lebenden die Erinnerung an die Verstorbenen aufrecht erhalten, sage er.	sage	3 -> 1
w01026037	Der größere Teil des Donaudeltas liegt in Rumänien (Kreis Tulcea), während sein nördlicher Teil, an dem linken Ufer des Kilijaarm, in der Ukraine ist (Odessaer Gebiet).	Der größere Teil des Donaudeltas liegt in Rumänien (Kreis Tulcea), während sein nördlicher Teil, an dem linken Ufer des Kilijaarm, in der Ukraine sind (Odessaer Gebiet).	sind	SG -> PL
w01035081	Agrarland kann durchaus unter der Zerstörung der umgebenden Landschaft leiden.	Agrarland kannst durchaus unter der Zerstörung der umgebenden Landschaft leiden.	kannst	3 -> 2
w01105057	Es war so erfolgreich, dass das Militär es auch nach dem Krieg weiterhin viele Jahre nutzte, und es wurde auch in den 1980er Jahren noch von einigen Ländern verwendet.	Es war so erfolgreich, dass das Militär es auch nach dem Krieg weiterhin viele Jahre nutzten, und es wurde auch in den 1980er Jahren noch von einigen Ländern verwendet.	nutzten	SG -> PL
w01084102	Dieser Kontakt mit dem Westen während des 16. Jahrhunderts führte zu einer Periode nachhaltigen wirtschaftlichen Wachstums, in der sich lukrative Handesrouten etablierten.	Dieser Kontakt mit dem Westen während des 16. Jahrhunderts führte zu einer Periode nachhaltigen wirtschaftlichen Wachstums, in der sich lukrative Handesrouten etablierte.	etablierte	PL -> SG
w01092032	Die industrielle Revolution sorgte für eine Nachfrage nach Metallteilen, die für Maschinenanlagen verwendet wurden.	Die industrielle Revolution sorgten für eine Nachfrage nach Metallteilen, die für Maschinenanlagen verwendet wurden.	sorgten	SG -> PL
w01010044	Eine Vielzahl an germanischen und hauptsächlich slawischen Stämmen durchquerte Mähren während der Völkerwanderungszeit, bevor die Slawen in dem 6. Jahrhundert n. Chr. dort ansässig wurden.	Eine Vielzahl an germanischen und hauptsächlich slawischen Stämmen durchquerte Mähren während der Völkerwanderungszeit, bevor die Slawen in dem 6. Jahrhundert n. Chr. dort ansässig wurde.	wurde	PL -> SG
n01084008	Theoretisch könnte ein Paar vier Konten bei Tesco eröffnen und 3 % auf 12.000 Pfund verdienen – 360 Pfund.	Theoretisch könnten ein Paar vier Konten bei Tesco eröffnen und 3 % auf 12.000 Pfund verdienen – 360 Pfund.	könnten	SG -> PL
n01105013	Aber in dem Moment ist alles aus dem Gleichgewicht und er scheint die ganze Zeit nach Anworten zu suchen.	Aber in dem Moment ist alles aus dem Gleichgewicht und er scheinst die ganze Zeit nach Anworten zu suchen.	scheinst	3 -> 2
n01051004	Was als Routine-Ultraschall begann, wurde kompliziert, als der werdenden Mutter Margaret Boemer aus Plano, Texas, mitgeteilt wurde, dass ihr ungeborenes Kind eine seltene Krankheit habe und sofort operiert werden müsse, um zu überleben.	Was als Routine-Ultraschall begann, wurde kompliziert, als der werdenden Mutter Margaret Boemer aus Plano, Texas, mitgeteilt wurde, dass ihr ungeborenes Kind eine seltene Krankheit haben und sofort operiert werden müsse, um zu überleben.	haben	SG -> PL
n01080042	Ich wollte es mir mit ihnen anschauen, aber letztendlich entschieden sie sich, es lieber ohne mich anzuschauen.	Ich wollten es mir mit ihnen anschauen, aber letztendlich entschieden sie sich, es lieber ohne mich anzuschauen.	wollten	SG -> PL
n03004003	An dem Donnerstag, den 3. November, entschied der Bürgermeister von Saint-Gaudens (in dem Département Haute-Garonne), das 2014 mit der Regierung geschlossene Abkommen zu der Stadtentwicklung auszusetzen.	An dem Donnerstag, den 3. November, entschiedest der Bürgermeister von Saint-Gaudens (in dem Département Haute-Garonne), das 2014 mit der Regierung geschlossene Abkommen zu der Stadtentwicklung auszusetzen.	entschiedest	3 -> 2
n01082014	„Mehr Menschen nehmen Kredite auf … Während das Leihen gerade leicht zu bewältigen sein mag, könnte eine plötzliche Änderung der Umstände zu Schuldenproblemen führen.“	„Mehr Menschen nehmen Kredite auf … Während das Leihen gerade leicht zu bewältigen sein mag, könnten eine plötzliche Änderung der Umstände zu Schuldenproblemen führen.“	könnten	SG -> PL
n01069006	Die Liberaldemokraten, die den wohlhabenden Vorort bis 2010 vertreten haben, hoffen, ihn mit ihrer Kandidatin Sarah Olney zurückzugewinnen.	Die Liberaldemokraten, die den wohlhabenden Vorort bis 2010 vertreten haben, hofft, ihn mit ihrer Kandidatin Sarah Olney zurückzugewinnen.	hofft	PL -> SG
w01001049	Die Gründungsurkunde ermöglichte die Schaffung einer Händlerinnung, die von den Bürgern der Stadt geführt wurde, um Steuern von durch die Gemeinde reisenden Menschen zu erheben.	Die Gründungsurkunde ermöglichten die Schaffung einer Händlerinnung, die von den Bürgern der Stadt geführt wurde, um Steuern von durch die Gemeinde reisenden Menschen zu erheben.	ermöglichten	SG -> PL
w05006058	Andererseits finden sich in der externen Geschichtsschreibung Verweise auf die Geschichte von Spanischsprechern, ihre historische Unbeständigkeit und die soziale Nutzung der Sprache.	Andererseits findet sich in der externen Geschichtsschreibung Verweise auf die Geschichte von Spanischsprechern, ihre historische Unbeständigkeit und die soziale Nutzung der Sprache.	findet	PL -> SG
w05010026	Aber als der Senat ihm endgültig antwortete, indem er ihm verbot, in dem Konsulat anzutreten und ihm die Optionen eröffnete, entweder seine Truppen zurückzuziehen oder zu dem öffentlichen Feind zu werden, erkannte er: Egal, welche Alternative er wählte, er würde sich seinen Feinden unbewaffnet ergeben müssen.	Aber als der Senat ihm endgültig antwortete, indem er ihm verbot, in dem Konsulat anzutreten und ihm die Optionen eröffnete, entweder seine Truppen zurückzuziehen oder zu dem öffentlichen Feind zu werden, erkannte er: Egal, welche Alternative er wählte, er würden sich seinen Feinden unbewaffnet ergeben müssen.	würden	SG -> PL
w01144063	Die Republikaner eroberten den Senat zu dem ersten Mal seit 1952 wieder und erlangten 34 Sitze in dem Repräsentantenhaus, aber die Demokraten behielten eine Mehrheit.	Die Republikaner eroberten den Senat zu dem ersten Mal seit 1952 wieder und erlangten 34 Sitze in dem Repräsentantenhaus, aber die Demokraten behielt eine Mehrheit.	behielt	PL -> SG
w03010098	In dem Frühjahr 1948 hoffte der belgische Künstler, Tim und Struppi für das Kino zu adaptieren und schrieb einen Brief an Walt Disney, in dem er ihn um Hilfe bat - vergebens.	In dem Frühjahr 1948 hoffte der belgische Künstler, Tim und Struppi für das Kino zu adaptieren und schrieb einen Brief an Walt Disney, in dem er ihn um Hilfe baten - vergebens.	baten	SG -> PL
n01090004	Ich habe mich mit Motocross befasst und das Gesicht dieser einen Frau tauchte immer wieder auf – in Fotografien, die aussahen, als kämen sie aus den 1970ern.	Ich habe mich mit Motocross befasst und das Gesicht dieser einen Frau tauchten immer wieder auf – in Fotografien, die aussahen, als kämen sie aus den 1970ern.	tauchten	SG -> PL
w01045002	Die Bezeichnung „Karibik“ leitet sich von den Kahlina ab, einer der zu der Zeit des europäschen Kontakts während des späten 15. Jahrhunderts vorherrschenden uramerikanischen Gruppen in der Region.	Die Bezeichnung „Karibik“ leitest sich von den Kahlina ab, einer der zu der Zeit des europäschen Kontakts während des späten 15. Jahrhunderts vorherrschenden uramerikanischen Gruppen in der Region.	leitest	3 -> 2
n01022010	„Wir bewegen uns in die richtige Richtung: das Abkommen von Paris wird den Klimawandel verlangsamen, genauso wie das Abkommen von Kigali zu der Reduzierung von FKW“, sagte der Direktor des UN-Umweltprogramms, Erik Solheim.	„Wir bewegen uns in die richtige Richtung: das Abkommen von Paris wird den Klimawandel verlangsamen, genauso wie das Abkommen von Kigali zu der Reduzierung von FKW“, sagten der Direktor des UN-Umweltprogramms, Erik Solheim.	sagten	SG -> PL
w04009042	Der Mann erzählte ihm, dass ein Krieg zwischen den beiden Reichen ausbrechen würde, wie er und Walter es vorhergesagt hatten; aus diesem Grund wurde (unter anderen) Olivia als Kind ausgebildet.	Der Mann erzählte ihm, dass ein Krieg zwischen den beiden Reichen ausbrechen würden, wie er und Walter es vorhergesagt hatten; aus diesem Grund wurde (unter anderen) Olivia als Kind ausgebildet.	würden	SG -> PL
w01132042	Die Strukturen, die sich in den Daten aus der Petén-Region und aus Uaxactun finden, lassen diese Stätten als Teil der kulturellen Entwicklung der Maya-Tiefebene erscheinen.	Die Strukturen, die sich in den Daten aus der Petén-Region und aus Uaxactun finden, lässt diese Stätten als Teil der kulturellen Entwicklung der Maya-Tiefebene erscheinen.	lässt	PL -> SG
n01049022	Diese Sorte hilft bei Rückenschmerzen, diese Sorte hilft bei Übelkeit und dieses Produkt hilft bei Schlafproblemen, sagt Dietrich von der Hauptgeschäftsstelle in Denver, Colorado, wo Marihuana legal verkauft wird.	Diese Sorte hilft bei Rückenschmerzen, diese Sorte hilft bei Übelkeit und dieses Produkt hilfst bei Schlafproblemen, sagt Dietrich von der Hauptgeschäftsstelle in Denver, Colorado, wo Marihuana legal verkauft wird.	hilfst	3 -> 2
n01053041	Ihre Stimme ging in dem wahrsten Sinne des Wortes um die Welt, sagte Leive.	Ihre Stimme gingen in dem wahrsten Sinne des Wortes um die Welt, sagte Leive.	gingen	SG -> PL
n01133022	Eine Sprecherin von Harley-Davidson sagte, dass die in den Medien kursierenden Termine – 2017 bzw. 2020 – nicht richtig wären.	Eine Sprecherin von Harley-Davidson sagten, dass die in den Medien kursierenden Termine – 2017 bzw. 2020 – nicht richtig wären.	sagten	SG -> PL
w02013033	Die Sueskrise 1956 zeigte die Grenzen der alten Kolonialmächte Großbritannien und Frankreich in einer sich wandelnden Welt.	Die Sueskrise 1956 zeigten die Grenzen der alten Kolonialmächte Großbritannien und Frankreich in einer sich wandelnden Welt.	zeigten	SG -> PL
w03005014	Von dem 9. Jahrhundert n. Chr. an erschienen die ersten griechischen Texte.	Von dem 9. Jahrhundert n. Chr. an erschien die ersten griechischen Texte.	erschien	PL -> SG
n01107006	Es hat VW außerdem riesige Schadensersatzforderungen und Klagen eingebracht und zu Rückstellungen von über 16 Milliarden Euro geführt.	Es hast VW außerdem riesige Schadensersatzforderungen und Klagen eingebracht und zu Rückstellungen von über 16 Milliarden Euro geführt.	hast	3 -> 2
w01125034	Wilkes wurde zwei weitere Male wiedergewählt und wieder abgesetzt, bevor das House of Commons entschied, dass seine Kandidatur ungültig sei und den Zweitplatzierten als Sieger erklärte.	Wilkes wurde zwei weitere Male wiedergewählt und wieder abgesetzt, bevor das House of Commons entschiedest, dass seine Kandidatur ungültig sei und den Zweitplatzierten als Sieger erklärte.	entschiedest	3 -> 2
n01085011	So überraschend das auch scheinen mag, selbst saurer Regen hat eine positive Seite.	So überraschend das auch scheinen mag, selbst saurer Regen hast eine positive Seite.	hast	3 -> 2
w01053062	Das letztere Datum kann nur auf einen Freitag gefallen sein, wenn in jenem Jahr ein Ausnahme-Schaltmonat eingeführt worden war, doch Newton bevorzugte dies.	Das letztere Datum kannst nur auf einen Freitag gefallen sein, wenn in jenem Jahr ein Ausnahme-Schaltmonat eingeführt worden war, doch Newton bevorzugte dies.	kannst	3 -> 2
w01025084	Dieser Rückzug kam für die österreichisch-preußische Armee überraschend und es gelang fast allen in der dänischen Armee, die Evakuierung durchzuführen.	Dieser Rückzug kam für die österreichisch-preußische Armee überraschend und es gelangen fast allen in der dänischen Armee, die Evakuierung durchzuführen.	gelangen	SG -> PL
n02031071	Wenn ein türkischer Mitarbeiter kündigt, kommen die türkischen Betriebsräte.	Wenn ein türkischer Mitarbeiter kündigt, kommt die türkischen Betriebsräte.	kommt	PL -> SG
n01073004	Wer kann diese australische Mannschaft stoppen?	Wer kannst diese australische Mannschaft stoppen?	kannst	3 -> 2
n01006011	Ein Zeuge berichtete der Polizei, dass das Opfer den Verdächtigen in dem April angegriffen hatte.	Ein Zeuge berichtete der Polizei, dass das Opfer den Verdächtigen in dem April angegriffen hattest.	hattest	3 -> 2
n01112014	Einem wichtigen Bericht in dem Januar zufolge enthalten die Weltmeere in dem Jahr 2050 mehr Plastikmüll als Fische, wenn die Menschheit keine drastischen Schritte ergreift, damit kein Müll mehr in den Ozeanen landet.	Einem wichtigen Bericht in dem Januar zufolge enthält die Weltmeere in dem Jahr 2050 mehr Plastikmüll als Fische, wenn die Menschheit keine drastischen Schritte ergreift, damit kein Müll mehr in den Ozeanen landet.	enthält	PL -> SG
n01035013	Die Polizei in British Columbia sagte zuvor, dass Klein keine Vorstrafen zu haben schien, und veröffentlichte vage Details über seine letzten Aufenthaltsorte.	Die Polizei in British Columbia sagten zuvor, dass Klein keine Vorstrafen zu haben schien, und veröffentlichte vage Details über seine letzten Aufenthaltsorte.	sagten	SG -> PL
n01108005	Einzel- und Großhandelsunternehmen florierten in dem Zuge der anhaltend guten Einkaufsstimmung, und Dienstleistungsunternehmen wuchsen ebenfalls.	Einzel- und Großhandelsunternehmen florierten in dem Zuge der anhaltend guten Einkaufsstimmung, und Dienstleistungsunternehmen wuchs ebenfalls.	wuchs	PL -> SG
w01072079	Bis zu dem dritten Jahrhundert vollzog der Kaiser Caracalla eine neue Teilung, die nur von kurzer Dauer war.	Bis zu dem dritten Jahrhundert vollzogst der Kaiser Caracalla eine neue Teilung, die nur von kurzer Dauer war.	vollzogst	3 -> 2
w01007087	Zu aktuellen Landgewinnungsprojekten zählt die Erweiterung des Bezirks Fontvieille.	Zu aktuellen Landgewinnungsprojekten zählen die Erweiterung des Bezirks Fontvieille.	zählen	SG -> PL
n01043014	Das Jahresbudget beträgt über 1,4 Milliarden Dollar und die Zahl der Beschäftigten liegt bei über 6.000.	Das Jahresbudget beträgt über 1,4 Milliarden Dollar und die Zahl der Beschäftigten liege bei über 6.000.	liege	3 -> 1
w01056103	Er legte die Grundlage für die Integration, wobei ökonomische und juristische Mechanismen des Staates in dem gesamten Mittelmeerraum Anwendung fanden, ähnlich wie einst Mechanismen aus Latium auf ganz Italien angewandt wurden.	Er legte die Grundlage für die Integration, wobei ökonomische und juristische Mechanismen des Staates in dem gesamten Mittelmeerraum Anwendung fand, ähnlich wie einst Mechanismen aus Latium auf ganz Italien angewandt wurden.	fand	PL -> SG
n01035025	Wir glauben nicht, dass der Verdächtige eine Verbindung zu dieser Schule hat oder zu den zwei Mädchen oder speziell zu Abbotsford, sagte sie.	Wir glaube nicht, dass der Verdächtige eine Verbindung zu dieser Schule hat oder zu den zwei Mädchen oder speziell zu Abbotsford, sagte sie.	glaube	PL -> SG
w01099012	Erklärungen zu dem Ursprung von Musik hängen davon ab, wie Musik definiert wird.	Erklärungen zu dem Ursprung von Musik hängt davon ab, wie Musik definiert wird.	hängt	PL -> SG
n01074030	Du musst dich dagegen wehren, und mir ist es lieber, jemand rennt auf mich zu, als um mich herum.	Du musst dich dagegen wehren, und mir ist es lieber, jemand renne auf mich zu, als um mich herum.	renne	3 -> 1
n01002017	Entgegen seinen bisherigen Äußerungen zu der Begrenzung der Einwanderung verkündete der Nominierte der Republikanischen Partei, dass er als Präsident „enorm viele“ legale Einwanderer basierend auf einem Punktesystem akzeptieren würde.	Entgegen seinen bisherigen Äußerungen zu der Begrenzung der Einwanderung verkündeten der Nominierte der Republikanischen Partei, dass er als Präsident „enorm viele“ legale Einwanderer basierend auf einem Punktesystem akzeptieren würde.	verkündeten	SG -> PL
w01150044	Die Großmächte erfüllten die Bitten nach der Anerkennung Albaniens nicht.	Die Großmächte erfüllte die Bitten nach der Anerkennung Albaniens nicht.	erfüllte	PL -> SG
n01027041	Ich fragte sie hinterher, ob sie verstand, warum Leute Trump wählen könnten.	Ich fragte sie hinterher, ob sie verstand, warum Leute Trump wählen könnte.	könnte	PL -> SG
n03007003	Diese Klausel bezog sich auf Fahrtzeiten innerhalb der Arbeitszeit zu den Kunden nach Hause.	Diese Klausel bezogst sich auf Fahrtzeiten innerhalb der Arbeitszeit zu den Kunden nach Hause.	bezogst	3 -> 2
n04007015	Wie bekanntgegeben wurde, hat die ECB die Entscheidungshoheit, und es wäre unangemessen, wenn die Bank für sich selbst sprechen würde, indem sie die Berücksichtigung anderer Alternativen ausschlösse.	Wie bekanntgegeben wurde, hat die ECB die Entscheidungshoheit, und es wäre unangemessen, wenn die Bank für sich selbst sprechen würden, indem sie die Berücksichtigung anderer Alternativen ausschlösse.	würden	SG -> PL
n02011018	Der Sprecher wollte nicht ausschließen, dass auch noch gegen weitere Menschen ermittelt wird.	Der Sprecher wolltest nicht ausschließen, dass auch noch gegen weitere Menschen ermittelt wird.	wolltest	3 -> 2
n05002004	Zu dem ersten Mal seit sechs Jahren ist die Arbeitslosigkeit wieder auf unter 20 % gesunken, und es sind jetzt schon 600.000 Menschen mehr in Arbeit als noch vor einem Jahr.	Zu dem ersten Mal seit sechs Jahren sind die Arbeitslosigkeit wieder auf unter 20 % gesunken, und es sind jetzt schon 600.000 Menschen mehr in Arbeit als noch vor einem Jahr.	sind	SG -> PL
w01079049	1538 warnte die Spanische Inquisition ihre Mitglieder davor, alles zu glauben, was der Malleus sagte.	1538 warnte die Spanische Inquisition ihre Mitglieder davor, alles zu glauben, was der Malleus sagten.	sagten	SG -> PL
w01125037	George war von ihren, wie er fand, lockeren Moralvorstellungen entsetzt.	George war von ihren, wie er fanden, lockeren Moralvorstellungen entsetzt.	fanden	SG -> PL
n01061041	Während die Hysterie um die Präsidentschaftswahlen 2016 zunimmt, beschäftigt Karel eine beunruhigendere Gefahr als dummes Gerede.	Während die Hysterie um die Präsidentschaftswahlen 2016 zunimmt, beschäftigst Karel eine beunruhigendere Gefahr als dummes Gerede.	beschäftigst	3 -> 2
n01002032	„Ich möchte euch ungern unter Druck setzen, aber das Schicksal der Republik liegt in euren Händen“, sagte er zu der Menschenmenge, die sich auf einem Sportplatz an der University of North Carolina versammelt hatte.	„Ich möchte euch ungern unter Druck setzen, aber das Schicksal der Republik liegt in euren Händen“, sagten er zu der Menschenmenge, die sich auf einem Sportplatz an der University of North Carolina versammelt hatte.	sagten	SG -> PL
n01022016	Investitionen in diesem Bereich sind 2015 um 6 % auf 221 Milliarden Dollar gestiegen.	Investitionen in diesem Bereich ist 2015 um 6 % auf 221 Milliarden Dollar gestiegen.	ist	PL -> SG
w01150045	Zu Beginn der Konferenz von London in dem Dezember 1912 lehnten die Vertreter aller sechs Großmächte den Plan zu der Schaffung eines unabhängigen Albaniens ab.	Zu Beginn der Konferenz von London in dem Dezember 1912 lehntet die Vertreter aller sechs Großmächte den Plan zu der Schaffung eines unabhängigen Albaniens ab.	lehntet	3 -> 2
n04006014	Die neuesten Zahlen sind von dem 24. Oktober letzten Jahres und geben einen Dieselpreis von 1,335 € pro Liter an, in dem Gegensatz zu dem Durchschnittswert in der Eurozone, der 1,165 € beträgt.	Die neuesten Zahlen sind von dem 24. Oktober letzten Jahres und geben einen Dieselpreis von 1,335 € pro Liter an, in dem Gegensatz zu dem Durchschnittswert in der Eurozone, der 1,165 € betrage.	betrage	3 -> 1
n01053008	Einige Männer verstehen es, und Bono ist einer von diesen Typen, sagte Leive kürzlich in einem Interview.	Einige Männer versteht es, und Bono ist einer von diesen Typen, sagte Leive kürzlich in einem Interview.	versteht	PL -> SG
w01009017	Während Luftmasseidentifikation in den 1950er Jahren ursprünglich noch für Wettervorhersagen genutzt wurde, begannen Klimatologen in dem Jahr 1973 auf dieser Idee basierende synoptische Klimatologien zu begründen.	Während Luftmasseidentifikation in den 1950er Jahren ursprünglich noch für Wettervorhersagen genutzt wurde, begann Klimatologen in dem Jahr 1973 auf dieser Idee basierende synoptische Klimatologien zu begründen.	begann	PL -> SG
n05008018	Die frühe Stimmabgabe legt die Vermutung nahe, dass dieses Mal die Hispanics in großer Zahl wählen gehen werden, aber es ist noch unklar, ob diese Steigerung Auswirkungen haben wird.	Die frühe Stimmabgabe legt die Vermutung nahe, dass dieses Mal die Hispanics in großer Zahl wählen gehen wird, aber es ist noch unklar, ob diese Steigerung Auswirkungen haben wird.	wird	PL -> SG
w01142013	Da Joans Tochter Cecily Richard Plantagenet, den 3. Duke von York, heiratete und mehrere Kinder bekam, darunter Eward IV. und Richard III., wurde Joan die Großmutter zweier Könige von England aus York.	Da Joans Tochter Cecily Richard Plantagenet, den 3. Duke von York, heirateten und mehrere Kinder bekam, darunter Eward IV. und Richard III., wurde Joan die Großmutter zweier Könige von England aus York.	heirateten	SG -> PL
n01106008	Die jährliche Umfrage hat ebenfalls gezeigt, dass die Sorgen darüber, neue finanzielle Lasten auf sich zu nehmen, in die Höhe geschnellt sind.	Die jährliche Umfrage hat ebenfalls gezeigt, dass die Sorgen darüber, neue finanzielle Lasten auf sich zu nehmen, in die Höhe geschnellt ist.	ist	PL -> SG
n01109008	Die Kosten ändern sich monatlich, und der Preis wird in dem Winter mit zunehmendem Verbrauch steigen.	Die Kosten ändert sich monatlich, und der Preis wird in dem Winter mit zunehmendem Verbrauch steigen.	ändert	PL -> SG
n01024013	Die Ergebnisse dieses Experiments liefern weitere Belege dafür, dass Rucolasamen zu der Internationalen Raumstation geflogen und dort sechs Monate aufbewahrt werden können, ohne dass es zu wesentlichen Auswirkungen auf ihre Keim- und Wachstumsfähigkeit auf der Erde kommt.	Die Ergebnisse dieses Experiments liefert weitere Belege dafür, dass Rucolasamen zu der Internationalen Raumstation geflogen und dort sechs Monate aufbewahrt werden können, ohne dass es zu wesentlichen Auswirkungen auf ihre Keim- und Wachstumsfähigkeit auf der Erde kommt.	liefert	PL -> SG
w01032139	Die globale Erwärmung hat die Regelmäßigkeiten in den Regenperioden verändert.	Die globale Erwärmung hast die Regelmäßigkeiten in den Regenperioden verändert.	hast	3 -> 2
n01021012	Eine Analyse zeigte, dass riesige Datenmengen benutzt wurden, um die Störung zu verursachen.	Eine Analyse zeigten, dass riesige Datenmengen benutzt wurden, um die Störung zu verursachen.	zeigten	SG -> PL
n01101012	Die Regierung von Hong Kong, die von Pro-Peking-Abgeordneten geleitet wird, hat sich dafür ausgesprochen, dass die beiden ihr Amt nicht antreten sollten.	Die Regierung von Hong Kong, die von Pro-Peking-Abgeordneten geleitet wird, hat sich dafür ausgesprochen, dass die beiden ihr Amt nicht antreten sollte.	sollte	PL -> SG
w01100049	1856 brach der zweite Opiumkrieg aus; die Chinesen wurden erneut besiegt und waren gezwungen, die Bedingungen des Vertrags von Tientsin von 1858 und die Pekinger Konvention von 1860 zu akzeptieren.	1856 brachen der zweite Opiumkrieg aus; die Chinesen wurden erneut besiegt und waren gezwungen, die Bedingungen des Vertrags von Tientsin von 1858 und die Pekinger Konvention von 1860 zu akzeptieren.	brachen	SG -> PL
w01091045	Abgesehen davon, dass sie eine direkte Nahrungsquelle waren, dienten bestimmte Tiere auch als Lieferanten für Leder, Wolle, Felle und Düngemittel.	Abgesehen davon, dass sie eine direkte Nahrungsquelle waren, diente bestimmte Tiere auch als Lieferanten für Leder, Wolle, Felle und Düngemittel.	diente	PL -> SG
w02009025	Der Vorgang wurde in Paris bekannt und heizte eine bei anhaltend hohem Brotpreis und Versorgungsmängeln ohnehin aufgeladene Stimmung weiter an.	Der Vorgang wurden in Paris bekannt und heizte eine bei anhaltend hohem Brotpreis und Versorgungsmängeln ohnehin aufgeladene Stimmung weiter an.	wurden	SG -> PL
w01086037	Bis 1563 war die Einwohnerzahl von Venedig auf 168.000 Menschen gesunken.	Bis 1563 waren die Einwohnerzahl von Venedig auf 168.000 Menschen gesunken.	waren	SG -> PL
w01051080	Tatsächlich lobte der erste wissenschaftliche Bericht von Henry Breasted zu dem Kampf in dem Jahr 1903 die Quellen, die die sichere Rekonstruktion des Kampfes erlaubten.	Tatsächlich lobten der erste wissenschaftliche Bericht von Henry Breasted zu dem Kampf in dem Jahr 1903 die Quellen, die die sichere Rekonstruktion des Kampfes erlaubten.	lobten	SG -> PL
n02082017	Die Schadstoffe attackieren nicht nur die noch unfertigen Lungen der Kleinen, sie können auch die Entwicklung des kindlichen Gehirns auf Dauer beeinträchtigen.	Die Schadstoffe attackiert nicht nur die noch unfertigen Lungen der Kleinen, sie können auch die Entwicklung des kindlichen Gehirns auf Dauer beeinträchtigen.	attackiert	PL -> SG
n01057014	Die Trümmer formten einen Ring um den Erdäquator und wurden schließlich durch Gravitation zusammengezogen, um den Mond zu bilden.	Die Trümmer formte einen Ring um den Erdäquator und wurden schließlich durch Gravitation zusammengezogen, um den Mond zu bilden.	formte	PL -> SG
w01080131	Die mazedonische Armee drang bis zu dem Pass von Thermopylae vor, der Griechenland in zwei Teile teilt, aber sie versuchte nicht, ihn einzunehmen, weil er von einer gemeinsamen Streitmacht aus Athenern, Spartanern und Achäern stark bewacht war.	Die mazedonische Armee drangen bis zu dem Pass von Thermopylae vor, der Griechenland in zwei Teile teilt, aber sie versuchte nicht, ihn einzunehmen, weil er von einer gemeinsamen Streitmacht aus Athenern, Spartanern und Achäern stark bewacht war.	drangen	SG -> PL
w01048027	In den 1350ern bekam König Gongmin schließlich die Möglichkeit, die Goryeo-Regierung zu reformieren, als die Yuan-Dynastie zu zerfallen begann.	In den 1350ern bekam König Gongmin schließlich die Möglichkeit, die Goryeo-Regierung zu reformieren, als die Yuan-Dynastie zu zerfallen begannen.	begannen	SG -> PL
w01125035	Die Regierung von Grafton zerfiel 1770, sodass die Tories unter der Führung von Lord North zurück an die Macht kommen konnten.	Die Regierung von Grafton zerfielen 1770, sodass die Tories unter der Führung von Lord North zurück an die Macht kommen konnten.	zerfielen	SG -> PL
n01045035	Der Richter entschied in der Gerichtsverhandlung wegen Betrugs und Veruntreuung schließlich, dass sie durch die Regeln des Senats abgedeckt waren, als er Duffy von allen Anschuldigungen freisprach.	Der Richter entschiedest in der Gerichtsverhandlung wegen Betrugs und Veruntreuung schließlich, dass sie durch die Regeln des Senats abgedeckt waren, als er Duffy von allen Anschuldigungen freisprach.	entschiedest	3 -> 2
n01150031	Wenn Menschen in Indien in hohem Alter sterben, ist das Anlass für ein Fest.	Wenn Menschen in Indien in hohem Alter stirbt, ist das Anlass für ein Fest.	stirbt	PL -> SG
n01134005	Die US Stock Futures steigen um mehr als 1 %, ähnlich wie die europäischen Märkte.	Die US Stock Futures steigt um mehr als 1 %, ähnlich wie die europäischen Märkte.	steigt	PL -> SG
w01038044	Viele einheimische Menschen bewohnten Alaska für tausende von Jahren, bevor die Europäer in dem Gebiet ankamen.	Viele einheimische Menschen bewohnte Alaska für tausende von Jahren, bevor die Europäer in dem Gebiet ankamen.	bewohnte	PL -> SG
w01043065	Inzwischen förderten zusätzliche Kontrollen des Nils Entwicklungen auf der Insel Gezira und entlang des Hafengebiets der Stadt.	Inzwischen förderte zusätzliche Kontrollen des Nils Entwicklungen auf der Insel Gezira und entlang des Hafengebiets der Stadt.	förderte	PL -> SG
n02024008	Eine schwedische Studie zeigt, dass die Tiere jenseits der zweimonatigen Brutzeit nur selten landen, wenn überhaupt.	Eine schwedische Studie zeigt, dass die Tiere jenseits der zweimonatigen Brutzeit nur selten landet, wenn überhaupt.	landet	PL -> SG
n05007014	Vielleicht ist das der Grund, wieso ihm Tränen in die Augen steigen, während der Zahn der Zeit seine Ernte an das Tageslicht bringen und das Mysterium dem Lauf der Tränen überlässt.	Vielleicht ist das der Grund, wieso ihm Tränen in die Augen steigt, während der Zahn der Zeit seine Ernte an das Tageslicht bringen und das Mysterium dem Lauf der Tränen überlässt.	steigt	PL -> SG
w01061050	Es wurde auch Medizin studiert, besonders in Süditalien, wo die islamische Medizin die Schule in Salerno beeinflusste.	Es wurde auch Medizin studiert, besonders in Süditalien, wo die islamische Medizin die Schule in Salerno beeinflussten.	beeinflussten	SG -> PL
w01075037	Genauer gesagt sank die Wahrscheinlichkeit für einen Konflikt um etwa 3 %, wenn die Quote der an einer Schule in dem Sekundarbereich eingeschriebenen jungen Männer 10 % über dem Durchschnitt lag, und eine Wirtschaftswachstumsrate von 1 % über dem Studiendurchschnitt senkte die Gefahr für einen Bürgerkrieg um etwa 1 %.	Genauer gesagt sank die Wahrscheinlichkeit für einen Konflikt um etwa 3 %, wenn die Quote der an einer Schule in dem Sekundarbereich eingeschriebenen jungen Männer 10 % über dem Durchschnitt lag, und eine Wirtschaftswachstumsrate von 1 % über dem Studiendurchschnitt senkten die Gefahr für einen Bürgerkrieg um etwa 1 %.	senkten	SG -> PL
w02001041	Die 1925 als Jedermann-Festspiele gegründeten Freilichtspiele auf der großen Treppe vor St. Michael ziehen bis heute ein überregionales Publikum an.	Die 1925 als Jedermann-Festspiele gegründeten Freilichtspiele auf der großen Treppe vor St. Michael zieht bis heute ein überregionales Publikum an.	zieht	PL -> SG
w01150047	Nachdem sich abzeichnete, dass das Osmanische Reich durch den Verlust von Mazedonien seine territoriale Verbindung mit Albanien verlieren würde, wurde den Großmächten klar, dass sie ihre Entscheidung revidieren mussten.	Nachdem sich abzeichnete, dass das Osmanische Reich durch den Verlust von Mazedonien seine territoriale Verbindung mit Albanien verlieren würden, wurde den Großmächten klar, dass sie ihre Entscheidung revidieren mussten.	würden	SG -> PL
n01075028	Es war, als würde er den Ball unter drei umgedrehten Bechern hin und her bewegen.	Es war, als würden er den Ball unter drei umgedrehten Bechern hin und her bewegen.	würden	SG -> PL
w01028069	Nationale Reaktionen auf die Ereignisse in Kansas zeigten, wie tief gespalten das Land war.	Nationale Reaktionen auf die Ereignisse in Kansas zeigte, wie tief gespalten das Land war.	zeigte	PL -> SG
w01041046	Dennoch führte die Urbanisierung in Thailand ebenfalls zu massiven Problemen wie Übergewicht.	Dennoch führten die Urbanisierung in Thailand ebenfalls zu massiven Problemen wie Übergewicht.	führten	SG -> PL
n01069014	Inzwischen hat die getrennt lebende Ehefrau eines Parlamentarischen Geschäftsführers ihre Kampagne um den Sitz gestartet.	Inzwischen hast die getrennt lebende Ehefrau eines Parlamentarischen Geschäftsführers ihre Kampagne um den Sitz gestartet.	hast	3 -> 2
n01093007	„Kabeljau in der Keltischen See könnte aussterben“, wenn die vorgeschlagenen Begrenzungen nicht umgesetzt würden, sagte ein EU-Beamter.	„Kabeljau in der Keltischen See könnte aussterben“, wenn die vorgeschlagenen Begrenzungen nicht umgesetzt würden, sagten ein EU-Beamter.	sagten	SG -> PL
n02042026	Die Smartphone-Generation bekam eine App, die sie verdiente, in der auch die beknackteste Situation in dem besten Fall ein Millionenpublikum fand.	Die Smartphone-Generation bekam eine App, die sie verdiente, in der auch die beknackteste Situation in dem besten Fall ein Millionenpublikum fanden.	fanden	SG -> PL
w04007021	Obwohl der Konflikt dadurch auch nicht gelöst wurde, zwang der Sieg der Franzosen in der Schlacht von Marengo die Österreicher dazu, Italien zu dem zweiten Mal aufzugeben.	Obwohl der Konflikt dadurch auch nicht gelöst wurde, zwangen der Sieg der Franzosen in der Schlacht von Marengo die Österreicher dazu, Italien zu dem zweiten Mal aufzugeben.	zwangen	SG -> PL
n01131013	Der Vorsprung der Republikaner wurde von einer großen Anzahl von Briefwählern gestützt, Anfang der Woche lag deren Gesamtzahl bei 16.500.	Der Vorsprung der Republikaner wurde von einer großen Anzahl von Briefwählern gestützt, Anfang der Woche lagen deren Gesamtzahl bei 16.500.	lagen	SG -> PL
n01033005	Forschern zufolge kann die DNA-Analyse eines Tumors dazu beitragen, die eigentlichen Ursachen anderer Krebsarten zu klären.	Forschern zufolge kannst die DNA-Analyse eines Tumors dazu beitragen, die eigentlichen Ursachen anderer Krebsarten zu klären.	kannst	3 -> 2
n03008011	„ETA ist ein Auslaufmodell“, verriet die französische Division.	„ETA ist ein Auslaufmodell“, verrieten die französische Division.	verrieten	SG -> PL
w01119059	Damit es ihnen mit Jasmine nicht genauso erging, entschieden die Filmemacher schließlich, dass die Prinzessin vollständig in einem Studio animiert werden sollte.	Damit es ihnen mit Jasmine nicht genauso erging, entschiedet die Filmemacher schließlich, dass die Prinzessin vollständig in einem Studio animiert werden sollte.	entschiedet	3 -> 2
n01150007	Doch Architektur kann eine Verbindung zwischen den Lebenden und den Toten schaffen und bis zu einem bestimmten Grad die Grenzen verwischen.	Doch Architektur kannst eine Verbindung zwischen den Lebenden und den Toten schaffen und bis zu einem bestimmten Grad die Grenzen verwischen.	kannst	3 -> 2
w01027015	Es unterscheidet sich von dem westlichen Teil des Landes insofern, dass seine bedeutenden topographischen Besonderheiten nicht parallel zu der Küste verlaufen.	Es unterscheidet sich von dem westlichen Teil des Landes insofern, dass seine bedeutenden topographischen Besonderheiten nicht parallel zu der Küste verläuft.	verläuft	PL -> SG
n01026016	Die Verkehrspolizei in Shenzhen hat schon zuvor auf unkonventionelle Strafen gesetzt.	Die Verkehrspolizei in Shenzhen hast schon zuvor auf unkonventionelle Strafen gesetzt.	hast	3 -> 2
w04007037	Die Blockade der Flotte von Villeneuve führte zu der Aufgabe der Invasionspläne für die britischen Inseln, auch weil auf dem Kontinent neue Entwicklungen stattfanden.	Die Blockade der Flotte von Villeneuve führte zu der Aufgabe der Invasionspläne für die britischen Inseln, auch weil auf dem Kontinent neue Entwicklungen stattfand.	stattfand	PL -> SG
w01075038	Die Studie interpretierte diese drei Faktoren als Stellvertreter für durch Revolten entstandene Verdienstausfälle, daher müssten niedrigere Verdienstausfälle Rebellionen begünstigen.	Die Studie interpretierte diese drei Faktoren als Stellvertreter für durch Revolten entstandene Verdienstausfälle, daher müsste niedrigere Verdienstausfälle Rebellionen begünstigen.	müsste	PL -> SG
n01014003	Michael Fallon sagte, das Datum des ersten Stahlschnitts würde dazu beitragen, neue Investitionen zu sichern und hunderte qualifizierte Arbeitsplätze bis 2035 zu erhalten.	Michael Fallon sagte, das Datum des ersten Stahlschnitts würden dazu beitragen, neue Investitionen zu sichern und hunderte qualifizierte Arbeitsplätze bis 2035 zu erhalten.	würden	SG -> PL
w01002013	Außerhalb des äußeren Nordwestens dominiert die Taiga, die einen erheblichen Anteil von Sibirien bedeckt.	Außerhalb des äußeren Nordwestens dominiert die Taiga, die einen erheblichen Anteil von Sibirien bedecke.	bedecke	3 -> 1
w02013015	Die Industrielle Revolution fand in Großbritannien früher als in jedem anderen Staat der Erde statt.	Die Industrielle Revolution fanden in Großbritannien früher als in jedem anderen Staat der Erde statt.	fanden	SG -> PL
n03009006	Er bemerkte auch, dass „die Existenz eines solchen Dokuments Konsequenzen haben könnte, die wahrscheinlich, aber nicht akzeptabel“ seien.	Er bemerkte auch, dass „die Existenz eines solchen Dokuments Konsequenzen haben könnten, die wahrscheinlich, aber nicht akzeptabel“ seien.	könnten	SG -> PL
n01141020	Der Schritt verdeutlicht den Wunsch des Unternehmens, dass die Anwender in seinen Produkten mehr als nur Produktivitätswerkzeuge sehen.	Der Schritt verdeutlicht den Wunsch des Unternehmens, dass die Anwender in seinen Produkten mehr als nur Produktivitätswerkzeuge seht.	seht	1|3 -> 2
w01148068	Dieses Mal erreichte es ihn, doch er weigerte sich zu glauben, dass sie nicht mehr mit ihm verheiratet sein wollte.	Dieses Mal erreichte es ihn, doch er weigerten sich zu glauben, dass sie nicht mehr mit ihm verheiratet sein wollte.	weigerten	SG -> PL
n02027021	Das Gesetz nennt eine Reihe von Bedingungen, unter denen das Abkommen wieder in Kraft treten könnte: Dafür müssten die USA alle Truppen aus Ländern abziehen, die nach 2000 Nato-Mitglied wurden, alle Sanktionen gegen Russland aufheben und die durch die Sanktionen entstandenen Kosten ersetzen.	Das Gesetz nennt eine Reihe von Bedingungen, unter denen das Abkommen wieder in Kraft treten könnte: Dafür müssten die USA alle Truppen aus Ländern abziehen, die nach 2000 Nato-Mitglied wurdet, alle Sanktionen gegen Russland aufheben und die durch die Sanktionen entstandenen Kosten ersetzen.	wurdet	3 -> 2
n01096032	Firmen versuchen, eine Firewall zwischen sensiblen Systemen und fremden Mächten aufzubauen, doch das funktioniert nicht immer.	Firmen versuchten, eine Firewall zwischen sensiblen Systemen und fremden Mächten aufzubauen, doch das funktioniert nicht immer.	versuchten	3 -> 1
n02068015	Der Wechsel Barrosos hatte viel Wirbel ausgelöst.	Der Wechsel Barrosos hattest viel Wirbel ausgelöst.	hattest	3 -> 2
n01111018	Nichtsdestotrotz investieren die Geldgeber weiterhin scharenweise in die Fonds.	Nichtsdestotrotz investiert die Geldgeber weiterhin scharenweise in die Fonds.	investiert	3 -> 2
w01035083	Menschen verlieren zudem durch die Zerstörung die direkte Nutzungsmögichkeiten natürlicher Lebensräume.	Menschen verliert zudem durch die Zerstörung die direkte Nutzungsmögichkeiten natürlicher Lebensräume.	verliert	PL -> SG
w01137087	In dem Mai erschossen tschechische Grenzsoldaten zwei sudetendeutsche Bauern, die versucht hatten, die Grenze in die Tschechoslowakai zu übertreten, ohne sich von den Grenzkontrollen überprüfen zu lassen.	In dem Mai erschoss tschechische Grenzsoldaten zwei sudetendeutsche Bauern, die versucht hatten, die Grenze in die Tschechoslowakai zu übertreten, ohne sich von den Grenzkontrollen überprüfen zu lassen.	erschoss	PL -> SG
w01083007	Diese idealisierte Sichtweise der Romanow-Monarchie machte ihn blind für den tatsächlichen Zustand seines Landes.	Diese idealisierte Sichtweise der Romanow-Monarchie machten ihn blind für den tatsächlichen Zustand seines Landes.	machten	SG -> PL
n01063051	Das Revival dieser Songs unterstreicht den Reiz einer richtigen Herausforderung, ob künstlerisch oder anderweitig: Unbehagen, Entfaltung und eine tiefgehende Verbindung.	Das Revival dieser Songs unterstreiche den Reiz einer richtigen Herausforderung, ob künstlerisch oder anderweitig: Unbehagen, Entfaltung und eine tiefgehende Verbindung.	unterstreiche	3 -> 1
n01033031	Doch ein Scan hat gezeigt, dass der Tumor in Frau Pughs rechter Lunge wächst, und so musste sie die Studie verlassen.	Doch ein Scan hat gezeigt, dass der Tumor in Frau Pughs rechter Lunge wachse, und so musste sie die Studie verlassen.	wachse	3 -> 1
w01132081	Segel finden sich in der prähistorischen mesoamerikanischen Bildkunst und Texten nirgends; stattdessen wird davon ausgegangen, dass Kanus das Haupttransportmittel auf dem Wasser für die Maya in dieser Zeit waren.	Segel findet sich in der prähistorischen mesoamerikanischen Bildkunst und Texten nirgends; stattdessen wird davon ausgegangen, dass Kanus das Haupttransportmittel auf dem Wasser für die Maya in dieser Zeit waren.	findet	3 -> 2
w01129019	Das Auto ging in Flammen auf, und Kenseth ging davon.	Das Auto gingen in Flammen auf, und Kenseth ging davon.	gingen	SG -> PL
n02066011	Die australischen Experten zogen ihre neuen Schlüsse unter anderem aus der Untersuchung einer Landeklappe der Boeing, die in Tansania in Ostafrika angespült worden war.	Die australischen Experten zog ihre neuen Schlüsse unter anderem aus der Untersuchung einer Landeklappe der Boeing, die in Tansania in Ostafrika angespült worden war.	zog	PL -> SG
n01066093	„Totale Vernachlässigung seiner eigenen Gesundheit“, berichtete seine Ehefrau Alice.	„Totale Vernachlässigung seiner eigenen Gesundheit“, berichteten seine Ehefrau Alice.	berichteten	SG -> PL
n01079065	Künstler erreichen Menschen in ihrem Herzen; es ist das einzige Mal, dass wir uns an einem Ort treffen und unsere Unterschiede beiseitelegen.	Künstler erreichen Menschen in ihrem Herzen; es ist das einzige Mal, dass wir uns an einem Ort treffe und unsere Unterschiede beiseitelegen.	treffe	PL -> SG
w01076054	Die arabische Revolution, die 1916 begann, wendete an der Nahostfront das Blatt gegen die Osmanen, die hier während der ersten zwei Kriegsjahre zunächst die Oberhand zu behalten schienen.	Die arabische Revolution, die 1916 begann, wendeten an der Nahostfront das Blatt gegen die Osmanen, die hier während der ersten zwei Kriegsjahre zunächst die Oberhand zu behalten schienen.	wendeten	SG -> PL
w04007049	Napoleon war sicher, dass der klare Sieg von Austerlitz zu einem allgemeinen Friedensvertrag führen würde, aber seine Hoffnungen wurden bald zerstört: Der neue britische Premierminister Lord Grenville lehnte jede Einigung ab, ebenso Zar Alexander.	Napoleon war sicher, dass der klare Sieg von Austerlitz zu einem allgemeinen Friedensvertrag führen würden, aber seine Hoffnungen wurden bald zerstört: Der neue britische Premierminister Lord Grenville lehnte jede Einigung ab, ebenso Zar Alexander.	würden	SG -> PL
n05001005	Die Präsidentin der Kommune von Madrid, Cristina Cifuentes, repräsentiert die besonders Konvervativen, während Parteiführer wie der Staatssekretär Javier Maroto die Progressivsten vertreten.	Die Präsidentin der Kommune von Madrid, Cristina Cifuentes, repräsentiere die besonders Konvervativen, während Parteiführer wie der Staatssekretär Javier Maroto die Progressivsten vertreten.	repräsentiere	3 -> 1
n01037020	Aber Chinas wachsende Mittelklasse hat sich ungewöhnlich stark über giftige Luft in Städten wie Peking beschwert, die der Smog Tag für Tag in dem Würgegriff hält.	Aber Chinas wachsende Mittelklasse hat sich ungewöhnlich stark über giftige Luft in Städten wie Peking beschwert, die der Smog Tag für Tag in dem Würgegriff halte.	halte	3 -> 1
w01040102	Wenn ein stetiger Wind zu wehen beginnt, beginnen Feinpartikel auf ungeschütztem Boden zu vibrieren.	Wenn ein stetiger Wind zu wehen beginnt, beginnt Feinpartikel auf ungeschütztem Boden zu vibrieren.	beginnt	PL -> SG
n01048008	Diese Schätzwerte stimmen mit dem Anteil neuer Wohnungen, die nach ihrer Fertigstellung auf dem Vermietungsmarkt landen, überein, was die wichtige Rolle der (inländischen) Investoren auf dem Wohnungsmarkt in der Metropolregion um Toronto erkennen lässt.	Diese Schätzwerte stimmt mit dem Anteil neuer Wohnungen, die nach ihrer Fertigstellung auf dem Vermietungsmarkt landen, überein, was die wichtige Rolle der (inländischen) Investoren auf dem Wohnungsmarkt in der Metropolregion um Toronto erkennen lässt.	stimmt	PL -> SG
