sent_correct	sent_wrong
郑大妈没有喝过冰红茶。	郑大妈没有喝了冰红茶。
陈大姐没有屠宰过牛。	陈大姐没有屠宰了牛。
他没有炖过鸡。	他没有炖了鸡。
李先生没有清蒸过鱼。	李先生没有清蒸了鱼。
你们没有弹过钢琴。	你们没有弹了钢琴。
他没有弹过玻璃珠。	他没有弹了玻璃珠。
她没有屠宰过牛。	她没有屠宰了牛。
张先生没有麻醉过老虎。	张先生没有麻醉了老虎。
李太太没有包扎过肚子。	李太太没有包扎了肚子。
我没有预习过教材。	我没有预习了教材。
你们没有拍摄过电影。	你们没有拍摄了电影。
李太太没有预习过教材。	李太太没有预习了教材。
她们没有煮过鸡。	她们没有煮了鸡。
她没有捕捉过鱼。	她没有捕捉了鱼。
她没有吃过蛋糕。	她没有吃了蛋糕。
他没有喝过葡萄汁。	他没有喝了葡萄汁。
陈大姐没有吹过双簧。	陈大姐没有吹了双簧。
她没有预习过教材。	她没有预习了教材。
他没有吹过笛子。	他没有吹了笛子。
王五没有预习过教材。	王五没有预习了教材。
李先生没有预习过教材。	李先生没有预习了教材。
你没有捕捉过鸭。	你没有捕捉了鸭。
周大妈没有盖过被子。	周大妈没有盖了被子。
小王没有制作过电影。	小王没有制作了电影。
小明没有清蒸过鸭。	小明没有清蒸了鸭。
她们没有开过卡车。	她们没有开了卡车。
你没有领养过小狗。	你没有领养了小狗。
我没有喝过葡萄汁。	我没有喝了葡萄汁。
你们没有观看过电影。	你们没有观看了电影。
他们没有吃过方便面。	他们没有吃了方便面。
张三没有爆炒过鸡。	张三没有爆炒了鸡。
徐小姐没有喝过可乐。	徐小姐没有喝了可乐。
我们没有爆炒过鱼。	我们没有爆炒了鱼。
她没有唱过美声。	她没有唱了美声。
胡大爷没有清洗过杯子。	胡大爷没有清洗了杯子。
郑大妈没有跨越过沙漠。	郑大妈没有跨越了沙漠。
你们没有拉过小提琴。	你们没有拉了小提琴。
张先生没有烧过鸭。	张先生没有烧了鸭。
他没有拉过小提琴。	他没有拉了小提琴。
小王没有爆炒过鸭。	小王没有爆炒了鸭。
他没有拍摄过电影。	他没有拍摄了电影。
他们没有爆炒过鱼。	他们没有爆炒了鱼。
王先生没有吃过香蕉。	王先生没有吃了香蕉。
小王没有创作过漫画。	小王没有创作了漫画。
王先生没有唱过美声。	王先生没有唱了美声。
他没有煮过鱼。	他没有煮了鱼。
我没有捕捉过蛇。	我没有捕捉了蛇。
王小姐没有清蒸过鱼。	王小姐没有清蒸了鱼。
她没有拍摄过电影。	她没有拍摄了电影。
我们没有吹过笛子。	我们没有吹了笛子。
何太太没有吃过糖果。	何太太没有吃了糖果。
他没有演奏过歌曲。	他没有演奏了歌曲。
王小姐没有跨越过海洋。	王小姐没有跨越了海洋。
他们没有制作过视频。	他们没有制作了视频。
她们没有吃过橘子。	她们没有吃了橘子。
我没有拍摄过电影。	我没有拍摄了电影。
他没有唱过戏曲。	他没有唱了戏曲。
张三没有演奏过华尔兹。	张三没有演奏了华尔兹。
你没有检查过胃。	你没有检查了胃。
她没有喝过咖啡。	她没有喝了咖啡。
你们没有喝过啤酒。	你们没有喝了啤酒。
杨大哥没有领养过小狗。	杨大哥没有领养了小狗。
她们没有唱过美声。	她们没有唱了美声。
我没有拍摄过动作片。	我没有拍摄了动作片。
我们没有观看过电影。	我们没有观看了电影。
他没有预习过教材。	他没有预习了教材。
何太太没有拍摄过动画片。	何太太没有拍摄了动画片。
你没有跨越过沙漠。	你没有跨越了沙漠。
她们没有拉过大提琴。	她们没有拉了大提琴。
李四没有预习过教材。	李四没有预习了教材。
你没有屠宰过牛。	你没有屠宰了牛。
你们没有拍摄过动作片。	你们没有拍摄了动作片。
张三没有煮过鱼。	张三没有煮了鱼。
冯大哥没有爆炒过鸭。	冯大哥没有爆炒了鸭。
王大娘没有预习过教材。	王大娘没有预习了教材。
小王没有吹过笛子。	小王没有吹了笛子。
你没有吹过笛子。	你没有吹了笛子。
她没有制作过电影。	她没有制作了电影。
你没有开过飞机。	你没有开了飞机。
王先生没有煮过鸡。	王先生没有煮了鸡。
她没有驾驶过火车。	她没有驾驶了火车。
我们没有煮过鱼。	我们没有煮了鱼。
小王没有演奏过协奏曲。	小王没有演奏了协奏曲。
李先生没有喝过橙汁。	李先生没有喝了橙汁。
何太太没有打断过腿。	何太太没有打断了腿。
我没有驾驶过轮船。	我没有驾驶了轮船。
你没有唱过戏曲。	你没有唱了戏曲。
你们没有检查过脚。	你们没有检查了脚。
你们没有烧过鸡。	你们没有烧了鸡。
赵大爷没有清洗过杯子。	赵大爷没有清洗了杯子。
他没有跨越过沙漠。	他没有跨越了沙漠。
你们没有制作过电影。	你们没有制作了电影。
你们没有煮过鱼。	你们没有煮了鱼。
张婶没有看过录像带。	张婶没有看了录像带。
我们没有看过书。	我们没有看了书。
王先生没有打断过手。	王先生没有打断了手。
小明没有驾驶过轮船。	小明没有驾驶了轮船。
你没有炖过鱼。	你没有炖了鱼。
她们没有清洗过杯子。	她们没有清洗了杯子。
她们没有煮过鸭。	她们没有煮了鸭。
我没有领养过小狗。	我没有领养了小狗。
郑大妈没有制作过电影。	郑大妈没有制作了电影。
吴太太没有检查过手。	吴太太没有检查了手。
张婶没有领养过小猫。	张婶没有领养了小猫。
他们没有演奏过协奏曲。	他们没有演奏了协奏曲。
小明没有创作过漫画。	小明没有创作了漫画。
小王没有爆炒过鸡。	小王没有爆炒了鸡。
王先生没有清蒸过鸭。	王先生没有清蒸了鸭。
我们没有吹过双簧。	我们没有吹了双簧。
我没有麻醉过老虎。	我没有麻醉了老虎。
我们没有拉过大提琴。	我们没有拉了大提琴。
周大妈没有制作过电视剧。	周大妈没有制作了电视剧。
他没有创作过漫画。	他没有创作了漫画。
他们没有开过飞机。	他们没有开了飞机。
她们没有包扎过头。	她们没有包扎了头。
张先生没有盖过被子。	张先生没有盖了被子。
宋女士没有清蒸过鸡。	宋女士没有清蒸了鸡。
他没有吃过蛋炒饭。	他没有吃了蛋炒饭。
他没有唱过小调。	他没有唱了小调。
他们没有煮过鱼。	他们没有煮了鱼。
他没有屠宰过牛。	他没有屠宰了牛。
徐小姐没有捕捉过鸭。	徐小姐没有捕捉了鸭。
她们没有开过飞机。	她们没有开了飞机。
吴太太没有驾驶过火车。	吴太太没有驾驶了火车。
刘先生没有开过火车。	刘先生没有开了火车。
她们没有拍摄过电视剧。	她们没有拍摄了电视剧。
你们没有吃过蛋炒饭。	你们没有吃了蛋炒饭。
我们没有弹过玻璃珠。	我们没有弹了玻璃珠。
他们没有盖过被子。	他们没有盖了被子。
我们没有喝过红酒。	我们没有喝了红酒。
她们没有检查过胃。	她们没有检查了胃。
李太太没有烧过鸭。	李太太没有烧了鸭。
李四没有弹过古筝。	李四没有弹了古筝。
他们没有爆炒过鸡。	他们没有爆炒了鸡。
陈大姐没有喝过白酒。	陈大姐没有喝了白酒。
你们没有清蒸过鱼。	你们没有清蒸了鱼。
他们没有领养过小狗。	他们没有领养了小狗。
赵大爷没有唱过歌。	赵大爷没有唱了歌。
张婶没有吃过鸡。	张婶没有吃了鸡。
我没有捕捉过大象。	我没有捕捉了大象。
他们没有吹过笛子。	他们没有吹了笛子。
我没有煮过鸡。	我没有煮了鸡。
王大娘没有唱过戏曲。	王大娘没有唱了戏曲。
冯大哥没有麻醉过大象。	冯大哥没有麻醉了大象。
我没有捕捉过鸭。	我没有捕捉了鸭。
宋女士没有煮过鸭。	宋女士没有煮了鸭。
她没有驾驶过货车。	她没有驾驶了货车。
她没有看过书。	她没有看了书。
王姨没有吹过笛子。	王姨没有吹了笛子。
她没有煮过鸭。	她没有煮了鸭。
我没有吃过巧克力。	我没有吃了巧克力。
李四没有检查过胃。	李四没有检查了胃。
王先生没有打断过脚。	王先生没有打断了脚。
冯大哥没有跨越过沙漠。	冯大哥没有跨越了沙漠。
赵大爷没有爆炒过鱼。	赵大爷没有爆炒了鱼。
李太太没有领养过小猫。	李太太没有领养了小猫。
张先生没有唱过戏曲。	张先生没有唱了戏曲。
郑大妈没有拍摄过电影。	郑大妈没有拍摄了电影。
王姨没有驾驶过货车。	王姨没有驾驶了货车。
徐小姐没有跨越过沙漠。	徐小姐没有跨越了沙漠。
王姨没有演奏过歌曲。	王姨没有演奏了歌曲。
她没有爆炒过鱼。	她没有爆炒了鱼。
她们没有屠宰过牛。	她们没有屠宰了牛。
我没有开过卡车。	我没有开了卡车。
胡大爷没有拍摄过视频。	胡大爷没有拍摄了视频。
我们没有喝过葡萄汁。	我们没有喝了葡萄汁。
赵大爷没有包扎过鼻子。	赵大爷没有包扎了鼻子。
王五没有打断过鼻子。	王五没有打断了鼻子。
李四没有喝过可乐。	李四没有喝了可乐。
李四没有演奏过奏鸣曲。	李四没有演奏了奏鸣曲。
她没有弹过玻璃珠。	她没有弹了玻璃珠。
她们没有爆炒过鸡。	她们没有爆炒了鸡。
徐小姐没有捕捉过大象。	徐小姐没有捕捉了大象。
她没有跨越过沙漠。	她没有跨越了沙漠。
你没有麻醉过老虎。	你没有麻醉了老虎。
王小姐没有炖过鱼。	王小姐没有炖了鱼。
何太太没有吹过双簧。	何太太没有吹了双簧。
王姨没有打断过腿。	王姨没有打断了腿。
我没有烧过鸡。	我没有烧了鸡。
何太太没有弹过玻璃珠。	何太太没有弹了玻璃珠。
杨大哥没有烧过鸭。	杨大哥没有烧了鸭。
小王没有跨越过海洋。	小王没有跨越了海洋。
我没有打断过腿。	我没有打断了腿。
我们没有清洗过杯子。	我们没有清洗了杯子。
你们没有吃过香蕉。	你们没有吃了香蕉。
小王没有麻醉过大象。	小王没有麻醉了大象。
我没有麻醉过大象。	我没有麻醉了大象。
你们没有打断过手。	你们没有打断了手。
周大妈没有创作过小说。	周大妈没有创作了小说。
她没有看过教材。	她没有看了教材。
你没有打断过手。	你没有打断了手。
小明没有煮过鸡。	小明没有煮了鸡。
李四没有创作过漫画。	李四没有创作了漫画。
我们没有创作过小说。	我们没有创作了小说。
我没有唱过歌。	我没有唱了歌。
徐小姐没有烧过鸭。	徐小姐没有烧了鸭。
张婶没有吃过方便面。	张婶没有吃了方便面。
我没有盖过被子。	我没有盖了被子。
李四没有吹过双簧。	李四没有吹了双簧。
王先生没有屠宰过牛。	王先生没有屠宰了牛。
他没有清蒸过鱼。	他没有清蒸了鱼。
王小姐没有观看过电视剧。	王小姐没有观看了电视剧。
我没有烧过鱼。	我没有烧了鱼。
张婶没有演奏过狂想曲。	张婶没有演奏了狂想曲。
他们没有吃过糖果。	他们没有吃了糖果。
他没有领养过小狗。	他没有领养了小狗。
吴太太没有预习过教材。	吴太太没有预习了教材。
杨大哥没有清蒸过鸭。	杨大哥没有清蒸了鸭。
小明没有清蒸过鱼。	小明没有清蒸了鱼。
你们没有领养过小狗。	你们没有领养了小狗。
他没有爆炒过鸭。	他没有爆炒了鸭。
王五没有唱过戏曲。	王五没有唱了戏曲。
你没有拉过大提琴。	你没有拉了大提琴。
我们没有清蒸过鸭。	我们没有清蒸了鸭。
她没有盖过被子。	她没有盖了被子。
她没有创作过漫画。	她没有创作了漫画。
周大妈没有跨越过海洋。	周大妈没有跨越了海洋。
你们没有弹过玻璃珠。	你们没有弹了玻璃珠。
你没有包扎过肚子。	你没有包扎了肚子。
你们没有盖过被子。	你们没有盖了被子。
周大妈没有麻醉过老虎。	周大妈没有麻醉了老虎。
你们没有吹过双簧。	你们没有吹了双簧。
何太太没有创作过小说。	何太太没有创作了小说。
周大妈没有拍摄过动作片。	周大妈没有拍摄了动作片。
李先生没有开过货车。	李先生没有开了货车。
王五没有拍摄过电影。	王五没有拍摄了电影。
她没有清蒸过鸡。	她没有清蒸了鸡。
她没有检查过脚。	她没有检查了脚。
她没有清洗过杯子。	她没有清洗了杯子。
我没有屠宰过牛。	我没有屠宰了牛。
小明没有演奏过狂想曲。	小明没有演奏了狂想曲。
她没有创作过小说。	她没有创作了小说。
小明没有驾驶过飞机。	小明没有驾驶了飞机。
张夫人没有屠宰过牛。	张夫人没有屠宰了牛。
你们没有爆炒过鸭。	你们没有爆炒了鸭。
她们没有预习过教材。	她们没有预习了教材。
他没有演奏过奏鸣曲。	他没有演奏了奏鸣曲。
周大妈没有吹过双簧。	周大妈没有吹了双簧。
张三没有爆炒过鱼。	张三没有爆炒了鱼。
王小姐没有驾驶过火车。	王小姐没有驾驶了火车。
我没有唱过小调。	我没有唱了小调。
我没有观看过视频。	我没有观看了视频。
吴太太没有检查过腿。	吴太太没有检查了腿。
你们没有领养过小猫。	你们没有领养了小猫。
刘先生没有跨越过沙漠。	刘先生没有跨越了沙漠。
张三没有清蒸过鸭。	张三没有清蒸了鸭。
我们没有喝过啤酒。	我们没有喝了啤酒。
你们没有跨越过沙漠。	你们没有跨越了沙漠。
你们没有吹过笛子。	你们没有吹了笛子。
我没有清洗过杯子。	我没有清洗了杯子。
她没有观看过视频。	她没有观看了视频。
他们没有吃过鸡。	他们没有吃了鸡。
王姨没有演奏过协奏曲。	王姨没有演奏了协奏曲。
王小姐没有弹过玻璃珠。	王小姐没有弹了玻璃珠。
我们没有盖过被子。	我们没有盖了被子。
王先生没有看过手账。	王先生没有看了手账。
他没有唱过美声。	他没有唱了美声。
他没有领养过小猫。	他没有领养了小猫。
你没有打断过脚。	你没有打断了脚。
他没有吃过方便面。	他没有吃了方便面。
王姨没有唱过小调。	王姨没有唱了小调。
她没有检查过鼻子。	她没有检查了鼻子。
我没有演奏过华尔兹。	我没有演奏了华尔兹。
你们没有烧过鸭。	你们没有烧了鸭。
王五没有麻醉过大象。	王五没有麻醉了大象。
小王没有包扎过鼻子。	小王没有包扎了鼻子。
徐小姐没有唱过小调。	徐小姐没有唱了小调。
他们没有清洗过杯子。	他们没有清洗了杯子。
王姨没有领养过小狗。	王姨没有领养了小狗。
周大妈没有煮过鸡。	周大妈没有煮了鸡。
小明没有吹过笛子。	小明没有吹了笛子。
她们没有观看过电影。	她们没有观看了电影。
他们没有爆炒过鸭。	他们没有爆炒了鸭。
你没有盖过被子。	你没有盖了被子。
李先生没有清洗过杯子。	李先生没有清洗了杯子。
她没有打断过鼻子。	她没有打断了鼻子。
她们没有麻醉过老虎。	她们没有麻醉了老虎。
我们没有领养过小狗。	我们没有领养了小狗。
小王没有屠宰过牛。	小王没有屠宰了牛。
你们没有烧过鱼。	你们没有烧了鱼。
我没有拉过小提琴。	我没有拉了小提琴。
小明没有吹过双簧。	小明没有吹了双簧。
张三没有跨越过海洋。	张三没有跨越了海洋。
你们没有检查过眼睛。	你们没有检查了眼睛。
我没有跨越过沙漠。	我没有跨越了沙漠。
刘先生没有开过货车。	刘先生没有开了货车。
张婶没有清蒸过鱼。	张婶没有清蒸了鱼。
她们没有喝过牛奶。	她们没有喝了牛奶。
你们没有创作过小说。	你们没有创作了小说。
周大妈没有唱过京剧。	周大妈没有唱了京剧。
你没有拍摄过电影。	你没有拍摄了电影。
我们没有开过飞机。	我们没有开了飞机。
小明没有清洗过杯子。	小明没有清洗了杯子。
李先生没有制作过视频。	李先生没有制作了视频。
吴太太没有喝过橙汁。	吴太太没有喝了橙汁。
冯大哥没有制作过动画片。	冯大哥没有制作了动画片。
周大妈没有清蒸过鸡。	周大妈没有清蒸了鸡。
杨大哥没有制作过电影。	杨大哥没有制作了电影。
我没有炖过鱼。	我没有炖了鱼。
他没有麻醉过大象。	他没有麻醉了大象。
郑大妈没有把小明鼓励。	郑大妈把小明没有鼓励。
她们没有把我们称赞。	她们把我们没有称赞。
她们没有把你们呵斥。	她们把你们没有呵斥。
冯大哥没有把胡大爷称赞。	冯大哥把胡大爷没有称赞。
刘先生没有把胡大爷夸奖。	刘先生把胡大爷没有夸奖。
我们没有把王姨安慰。	我们把王姨没有安慰。
你没有把何太太称赞。	你把何太太没有称赞。
张婶没有把赵大爷批评。	张婶把赵大爷没有批评。
你没有把王大娘称赞。	你把王大娘没有称赞。
你没有把她们嘉奖。	你把她们没有嘉奖。
赵大爷没有把王五批评。	赵大爷把王五没有批评。
他没有把王姨教育。	他把王姨没有教育。
吴太太没有把郑大妈提醒。	吴太太把郑大妈没有提醒。
我们没有把他夸奖。	我们把他没有夸奖。
他们没有把张婶表扬。	他们把张婶没有表扬。
何太太没有把王大娘提醒。	何太太把王大娘没有提醒。
我没有把王大娘嘉奖。	我把王大娘没有嘉奖。
她没有把徐小姐批评。	她把徐小姐没有批评。
李先生没有把刘先生称赞。	李先生把刘先生没有称赞。
我没有把你们批评。	我把你们没有批评。
张先生没有把赵大爷教育。	张先生把赵大爷没有教育。
他没有把宋女士安慰。	他把宋女士没有安慰。
她们没有把他欺负。	她们把他没有欺负。
她们没有把张婶批评。	她们把张婶没有批评。
刘先生没有把张夫人鼓励。	刘先生把张夫人没有鼓励。
徐小姐没有把郑大妈欺负。	徐小姐把郑大妈没有欺负。
他们没有把你称赞。	他们把你没有称赞。
你们没有把她们呵斥。	你们把她们没有呵斥。
王姨没有把杨大哥批评。	王姨把杨大哥没有批评。
杨大哥没有把张婶奖励。	杨大哥把张婶没有奖励。
她们没有把她鼓励。	她们把她没有鼓励。
吴太太没有把王大娘嘉奖。	吴太太把王大娘没有嘉奖。
她没有把张先生提醒。	她把张先生没有提醒。
王大娘没有把张先生批评。	王大娘把张先生没有批评。
你没有把张先生嘉奖。	你把张先生没有嘉奖。
刘先生没有把小明欺负。	刘先生把小明没有欺负。
她们没有把你们夸奖。	她们把你们没有夸奖。
他没有把李先生表扬。	他把李先生没有表扬。
胡大爷没有把冯大哥夸奖。	胡大爷把冯大哥没有夸奖。
我没有把周大妈奖励。	我把周大妈没有奖励。
他们没有把她夸奖。	他们把她没有夸奖。
她没有把他夸奖。	她把他没有夸奖。
她没有把她们嘉奖。	她把她们没有嘉奖。
他们没有把你控制。	他们把你没有控制。
他们没有把何太太控制。	他们把何太太没有控制。
你们没有把杨大哥呵斥。	你们把杨大哥没有呵斥。
她们没有把王先生夸奖。	她们把王先生没有夸奖。
她没有把我提醒。	她把我没有提醒。
他们没有把周大妈教育。	他们把周大妈没有教育。
张三没有把王五教育。	张三把王五没有教育。
他们没有把何太太夸奖。	他们把何太太没有夸奖。
何太太没有把李四提醒。	何太太把李四没有提醒。
他们没有把他教育。	他们把他没有教育。
你们没有把我夸奖。	你们把我没有夸奖。
她们没有把郑大妈提醒。	她们把郑大妈没有提醒。
他没有把张先生嘉奖。	他把张先生没有嘉奖。
他们没有把郑大妈表扬。	他们把郑大妈没有表扬。
宋女士没有把王小姐鼓励。	宋女士把王小姐没有鼓励。
郑大妈没有把宋女士批评。	郑大妈把宋女士没有批评。
你没有把我提醒。	你把我没有提醒。
郑大妈没有把小王欺负。	郑大妈把小王没有欺负。
我没有把王大娘批评。	我把王大娘没有批评。
我没有把张三表扬。	我把张三没有表扬。
王大娘没有把李四称赞。	王大娘把李四没有称赞。
我们没有把张夫人安慰。	我们把张夫人没有安慰。
你没有把他提醒。	你把他没有提醒。
张婶没有把杨大哥呵斥。	张婶把杨大哥没有呵斥。
何太太没有把小明表扬。	何太太把小明没有表扬。
你们没有把你控制。	你们把你没有控制。
她们没有把王大娘批评。	她们把王大娘没有批评。
他没有把陈大姐奖励。	他把陈大姐没有奖励。
胡大爷没有把张婶呵斥。	胡大爷把张婶没有呵斥。
她们没有把赵大爷教育。	她们把赵大爷没有教育。
你没有把他们安慰。	你把他们没有安慰。
你没有把王先生奖励。	你把王先生没有奖励。
你们没有把他表扬。	你们把他没有表扬。
她们没有把冯大哥称赞。	她们把冯大哥没有称赞。
我没有把你鼓励。	我把你没有鼓励。
王先生没有把宋女士奖励。	王先生把宋女士没有奖励。
王姨没有把郑大妈批评。	王姨把郑大妈没有批评。
他没有把我批评。	他把我没有批评。
他没有把我奖励。	他把我没有奖励。
刘先生没有把王姨批评。	刘先生把王姨没有批评。
他没有把你安慰。	他把你没有安慰。
张先生没有把徐小姐批评。	张先生把徐小姐没有批评。
李太太没有把张三呵斥。	李太太把张三没有呵斥。
他没有把她们安慰。	他把她们没有安慰。
李先生没有把宋女士批评。	李先生把宋女士没有批评。
你们没有把他嘉奖。	你们把他没有嘉奖。
她们没有把张先生嘉奖。	她们把张先生没有嘉奖。
冯大哥没有把陈大姐表扬。	冯大哥把陈大姐没有表扬。
他没有把我们称赞。	他把我们没有称赞。
王先生没有把郑大妈批评。	王先生把郑大妈没有批评。
张三没有把周大妈欺负。	张三把周大妈没有欺负。
你没有把王小姐呵斥。	你把王小姐没有呵斥。
小王没有把李四鼓励。	小王把李四没有鼓励。
小明没有把李先生欺负。	小明把李先生没有欺负。
宋女士没有把张夫人呵斥。	宋女士把张夫人没有呵斥。
你没有把王大娘控制。	你把王大娘没有控制。
你没有把我表扬。	你把我没有表扬。
你们没有把她称赞。	你们把她没有称赞。
她们没有把我们提醒。	她们把我们没有提醒。
我们没有把他们夸奖。	我们把他们没有夸奖。
她们没有把王五欺负。	她们把王五没有欺负。
张婶没有把赵大爷称赞。	张婶把赵大爷没有称赞。
你没有把他们夸奖。	你把他们没有夸奖。
我们没有把王五嘉奖。	我们把王五没有嘉奖。
王小姐没有把何太太嘉奖。	王小姐把何太太没有嘉奖。
我没有把周大妈教育。	我把周大妈没有教育。
她们没有把他们嘉奖。	她们把他们没有嘉奖。
我没有把他批评。	我把他没有批评。
他们没有把胡大爷呵斥。	他们把胡大爷没有呵斥。
张婶没有把刘先生嘉奖。	张婶把刘先生没有嘉奖。
你们没有把你批评。	你们把你没有批评。
何太太没有把赵大爷夸奖。	何太太把赵大爷没有夸奖。
她没有把王姨奖励。	她把王姨没有奖励。
我没有把你嘉奖。	我把你没有嘉奖。
我没有把他们鼓励。	我把他们没有鼓励。
你没有把小明提醒。	你把小明没有提醒。
吴太太没有把张先生表扬。	吴太太把张先生没有表扬。
王小姐没有把小明奖励。	王小姐把小明没有奖励。
我没有把王大娘表扬。	我把王大娘没有表扬。
他们没有把你提醒。	他们把你没有提醒。
郑大妈没有把徐小姐称赞。	郑大妈把徐小姐没有称赞。
他没有把李太太提醒。	他把李太太没有提醒。
她们没有把王大娘称赞。	她们把王大娘没有称赞。
我没有把他嘉奖。	我把他没有嘉奖。
张夫人没有把张婶表扬。	张夫人把张婶没有表扬。
你没有把刘先生夸奖。	你把刘先生没有夸奖。
你们没有把刘先生控制。	你们把刘先生没有控制。
王大娘没有把张先生表扬。	王大娘把张先生没有表扬。
张三没有把王小姐夸奖。	张三把王小姐没有夸奖。
她没有把王大娘称赞。	她把王大娘没有称赞。
宋女士没有把张三鼓励。	宋女士把张三没有鼓励。
我没有把她们批评。	我把她们没有批评。
你们没有把她欺负。	你们把她没有欺负。
你没有把他们称赞。	你把他们没有称赞。
宋女士没有把张夫人教育。	宋女士把张夫人没有教育。
刘先生没有把张先生批评。	刘先生把张先生没有批评。
你没有把他称赞。	你把他没有称赞。
冯大哥没有把陈大姐教育。	冯大哥把陈大姐没有教育。
王姨没有把李先生嘉奖。	王姨把李先生没有嘉奖。
她们没有把你们鼓励。	她们把你们没有鼓励。
他们没有把宋女士批评。	他们把宋女士没有批评。
她们没有把她夸奖。	她们把她没有夸奖。
他没有把她表扬。	他把她没有表扬。
她们没有把他们夸奖。	她们把他们没有夸奖。
王小姐没有把李先生欺负。	王小姐把李先生没有欺负。
他们没有把冯大哥鼓励。	他们把冯大哥没有鼓励。
我们没有把李太太表扬。	我们把李太太没有表扬。
你没有把王姨鼓励。	你把王姨没有鼓励。
张婶没有把陈大姐控制。	张婶把陈大姐没有控制。
冯大哥没有把张夫人批评。	冯大哥把张夫人没有批评。
你们没有把她鼓励。	你们把她没有鼓励。
张三没有把郑大妈批评。	张三把郑大妈没有批评。
你们没有把他夸奖。	你们把他没有夸奖。
王姨没有把刘先生表扬。	王姨把刘先生没有表扬。
他没有把我提醒。	他把我没有提醒。
她没有把你控制。	她把你没有控制。
胡大爷没有把小明嘉奖。	胡大爷把小明没有嘉奖。
我们没有把你欺负。	我们把你没有欺负。
王小姐没有把吴太太鼓励。	王小姐把吴太太没有鼓励。
李四没有把李太太表扬。	李四把李太太没有表扬。
你们没有把何太太教育。	你们把何太太没有教育。
我没有把胡大爷表扬。	我把胡大爷没有表扬。
她们没有把李太太鼓励。	她们把李太太没有鼓励。
赵大爷没有把周大妈批评。	赵大爷把周大妈没有批评。
他们没有把李先生控制。	他们把李先生没有控制。
周大妈没有把宋女士呵斥。	周大妈把宋女士没有呵斥。
李太太没有把李四批评。	李太太把李四没有批评。
我没有把他们欺负。	我把他们没有欺负。
她没有把张婶嘉奖。	她把张婶没有嘉奖。
你们没有把他呵斥。	你们把他没有呵斥。
张夫人没有把陈大姐欺负。	张夫人把陈大姐没有欺负。
王先生没有把小王提醒。	王先生把小王没有提醒。
张三没有把李先生安慰。	张三把李先生没有安慰。
你没有把小王奖励。	你把小王没有奖励。
你们没有把王小姐鼓励。	你们把王小姐没有鼓励。
王五没有把郑大妈表扬。	王五把郑大妈没有表扬。
我没有把她们提醒。	我把她们没有提醒。
他没有把你鼓励。	他把你没有鼓励。
我们没有把胡大爷奖励。	我们把胡大爷没有奖励。
她们没有把杨大哥夸奖。	她们把杨大哥没有夸奖。
我们没有把张先生批评。	我们把张先生没有批评。
你没有把陈大姐呵斥。	你把陈大姐没有呵斥。
李太太没有把周大妈称赞。	李太太把周大妈没有称赞。
我们没有把吴太太教育。	我们把吴太太没有教育。
王姨没有把王五呵斥。	王姨把王五没有呵斥。
我没有把她们夸奖。	我把她们没有夸奖。
我没有把冯大哥批评。	我把冯大哥没有批评。
他没有把王大娘呵斥。	他把王大娘没有呵斥。
他没有把他们批评。	他把他们没有批评。
你没有把他鼓励。	你把他没有鼓励。
他们没有把我表扬。	他们把我没有表扬。
我没有把张夫人呵斥。	我把张夫人没有呵斥。
王五没有把李先生安慰。	王五把李先生没有安慰。
我们没有把张先生教育。	我们把张先生没有教育。
陈大姐没有把冯大哥安慰。	陈大姐把冯大哥没有安慰。
我没有把徐小姐提醒。	我把徐小姐没有提醒。
你没有把李太太称赞。	你把李太太没有称赞。
她没有把小明控制。	她把小明没有控制。
我们没有把她们呵斥。	我们把她们没有呵斥。
你们没有把我批评。	你们把我没有批评。
徐小姐没有把李先生控制。	徐小姐把李先生没有控制。
你们没有把杨大哥夸奖。	你们把杨大哥没有夸奖。
我们没有把你呵斥。	我们把你没有呵斥。
他没有把我们批评。	他把我们没有批评。
何太太没有把李四表扬。	何太太把李四没有表扬。
他没有把王先生提醒。	他把王先生没有提醒。
你们没有把何太太控制。	你们把何太太没有控制。
你们没有把杨大哥鼓励。	你们把杨大哥没有鼓励。
我们没有把她们安慰。	我们把她们没有安慰。
他没有把赵大爷鼓励。	他把赵大爷没有鼓励。
陈大姐没有把张三控制。	陈大姐把张三没有控制。
王小姐没有把王五提醒。	王小姐把王五没有提醒。
她们没有把王姨表扬。	她们把王姨没有表扬。
王先生没有把王大娘控制。	王先生把王大娘没有控制。
他没有把他们提醒。	他把他们没有提醒。
我没有把他安慰。	我把他没有安慰。
我们没有把我表扬。	我们把我没有表扬。
张婶没有把陈大姐欺负。	张婶把陈大姐没有欺负。
我没有把王五奖励。	我把王五没有奖励。
我们没有把李先生批评。	我们把李先生没有批评。
李太太没有把张婶安慰。	李太太把张婶没有安慰。
我们没有把她们教育。	我们把她们没有教育。
刘先生没有把张夫人夸奖。	刘先生把张夫人没有夸奖。
郑大妈没有把王大娘夸奖。	郑大妈把王大娘没有夸奖。
你没有把张三控制。	你把张三没有控制。
她没有把他嘉奖。	她把他没有嘉奖。
她们没有把徐小姐奖励。	她们把徐小姐没有奖励。
他们没有把你欺负。	他们把你没有欺负。
他们没有把张婶嘉奖。	他们把张婶没有嘉奖。
她们没有把李太太欺负。	她们把李太太没有欺负。
你们没有把她们提醒。	你们把她们没有提醒。
你们没有把郑大妈教育。	你们把郑大妈没有教育。
他没有把她们嘉奖。	他把她们没有嘉奖。
我没有把他们称赞。	我把他们没有称赞。
徐小姐没有把赵大爷称赞。	徐小姐把赵大爷没有称赞。
张夫人没有把何太太奖励。	张夫人把何太太没有奖励。
她没有把他批评。	她把他没有批评。
王五没有把张三安慰。	王五把张三没有安慰。
杨大哥没有把何太太批评。	杨大哥把何太太没有批评。
她没有把何太太批评。	她把何太太没有批评。
王大娘没有把李四嘉奖。	王大娘把李四没有嘉奖。
她们没有把我们批评。	她们把我们没有批评。
我们没有把杨大哥奖励。	我们把杨大哥没有奖励。
杨大哥没有把小明嘉奖。	杨大哥把小明没有嘉奖。
王姨没有把张婶鼓励。	王姨把张婶没有鼓励。
他没有把刘先生奖励。	他把刘先生没有奖励。
我没有把她们嘉奖。	我把她们没有嘉奖。
你们没有把刘先生嘉奖。	你们把刘先生没有嘉奖。
李先生没有把何太太提醒。	李先生把何太太没有提醒。
周大妈没有把张三呵斥。	周大妈把张三没有呵斥。
王五没有把周大妈呵斥。	王五把周大妈没有呵斥。
我们没有把他批评。	我们把他没有批评。
王先生没有把张先生安慰。	王先生把张先生没有安慰。
张夫人没有把张先生称赞。	张夫人把张先生没有称赞。
我们没有把张夫人奖励。	我们把张夫人没有奖励。
她没有把宋女士控制。	她把宋女士没有控制。
你没有把王姨称赞。	你把王姨没有称赞。
我们没有把我安慰。	我们把我没有安慰。
小明没有把吴太太鼓励。	小明把吴太太没有鼓励。
王姨没有把李四称赞。	王姨把李四没有称赞。
张夫人没有把何太太批评。	张夫人把何太太没有批评。
李四没有把周大妈安慰。	李四把周大妈没有安慰。
我们没有把他们嘉奖。	我们把他们没有嘉奖。
她们没有把徐小姐提醒。	她们把徐小姐没有提醒。
她们没有把你们称赞。	她们把你们没有称赞。
我们没有把你鼓励。	我们把你没有鼓励。
你们没有把我呵斥。	你们把我没有呵斥。
我没有把张婶夸奖。	我把张婶没有夸奖。
他们没有把我教育。	他们把我没有教育。
他没有把你们呵斥。	他把你们没有呵斥。
他们没有把你鼓励。	他们把你没有鼓励。
他们没有把徐小姐称赞。	他们把徐小姐没有称赞。
我们没有把王小姐表扬。	我们把王小姐没有表扬。
王姨没有把王先生嘉奖。	王姨把王先生没有嘉奖。
你没有把他们批评。	你把他们没有批评。
杨大哥没有把宋女士表扬。	杨大哥把宋女士没有表扬。
我没有把陈大姐欺负。	我把陈大姐没有欺负。
张三没有把李太太嘉奖。	张三把李太太没有嘉奖。
他们没有把李四呵斥。	他们把李四没有呵斥。
他们没有把她们欺负。	他们把她们没有欺负。
我们没有把她批评。	我们把她没有批评。
我没有把他们提醒。	我把他们没有提醒。
刘先生没有把张三呵斥。	刘先生把张三没有呵斥。
你们没有把他们奖励。	你们把他们没有奖励。
张三没有把王大娘批评。	张三把王大娘没有批评。
她没有把陈大姐教育。	她把陈大姐没有教育。
我没有把我们批评。	我把我们没有批评。
张三没有把李四嘉奖。	张三把李四没有嘉奖。
吴太太没有把李四称赞。	吴太太把李四没有称赞。
吴太太没有把王小姐呵斥。	吴太太把王小姐没有呵斥。
他们没有把你们称赞。	他们把你们没有称赞。
她们没有把王小姐夸奖。	她们把王小姐没有夸奖。
我没有把我们教育。	我把我们没有教育。
她们没有把胡大爷控制。	她们把胡大爷没有控制。
他没有把她们提醒。	他把她们没有提醒。
你没有把他夸奖。	你把他没有夸奖。
她们没有把王先生安慰。	她们把王先生没有安慰。
王先生去年被赵大爷欺负了。	王先生被去年赵大爷欺负了。
李先生最近被李太太批评了。	李先生被最近李太太批评了。
何太太去年被王先生批评了。	何太太被去年王先生批评了。
杨大哥五分钟前被宋女士批评了。	杨大哥被五分钟前宋女士批评了。
陈大姐两个月前被郑大妈表扬了。	陈大姐被两个月前郑大妈表扬了。
小王刚刚被冯大哥欺负了。	小王被刚刚冯大哥欺负了。
冯大哥五分钟前被陈大姐表扬了。	冯大哥被五分钟前陈大姐表扬了。
张先生刚刚被李四批评了。	张先生被刚刚李四批评了。
张夫人当时被李太太鼓励了。	张夫人被当时李太太鼓励了。
王姨当时被小明原谅了。	王姨被当时小明原谅了。
陈大姐过去被张夫人夸奖了。	陈大姐被过去张夫人夸奖了。
张三一周前被何太太欺负了。	张三被一周前何太太欺负了。
何太太五分钟前被李先生欺负了。	何太太被五分钟前李先生欺负了。
何太太过去被王五呵斥了。	何太太被过去王五呵斥了。
王小姐前不久被张先生教育了。	王小姐被前不久张先生教育了。
张婶近年被小明照顾了。	张婶被近年小明照顾了。
赵大爷近年被小明批评了。	赵大爷被近年小明批评了。
王先生前不久被郑大妈夸奖了。	王先生被前不久郑大妈夸奖了。
周大妈不久前被张三表扬了。	周大妈被不久前张三表扬了。
李太太两个月前被张夫人诽谤了。	李太太被两个月前张夫人诽谤了。
刘先生去年被胡大爷欺负了。	刘先生被去年胡大爷欺负了。
徐小姐两个月前被王姨伤害了。	徐小姐被两个月前王姨伤害了。
张三一周前被张夫人鼓励了。	张三被一周前张夫人鼓励了。
吴太太前不久被郑大妈奖励了。	吴太太被前不久郑大妈奖励了。
王大娘前不久被冯大哥称赞了。	王大娘被前不久冯大哥称赞了。
何太太一周前被郑大妈批评了。	何太太被一周前郑大妈批评了。
宋女士前不久被杨大哥原谅了。	宋女士被前不久杨大哥原谅了。
胡大爷前不久被陈大姐打劫了。	胡大爷被前不久陈大姐打劫了。
王小姐当时被张婶欺骗了。	王小姐被当时张婶欺骗了。
小王三年前被陈大姐称赞了。	小王被三年前陈大姐称赞了。
王先生过去被张夫人欺骗了。	王先生被过去张夫人欺骗了。
李太太不久前被王大娘提醒了。	李太太被不久前王大娘提醒了。
李四五分钟前被宋女士呵斥了。	李四被五分钟前宋女士呵斥了。
李先生几秒钟前被王大娘提醒了。	李先生被几秒钟前王大娘提醒了。
张先生当时被张婶伤害了。	张先生被当时张婶伤害了。
王大娘不久前被张三奖励了。	王大娘被不久前张三奖励了。
李先生前不久被张夫人伤害了。	李先生被前不久张夫人伤害了。
张婶三年前被徐小姐鼓励了。	张婶被三年前徐小姐鼓励了。
徐小姐过去被张三约束了。	徐小姐被过去张三约束了。
赵大爷几秒钟前被李四嘉奖了。	赵大爷被几秒钟前李四嘉奖了。
陈大姐五分钟前被杨大哥称赞了。	陈大姐被五分钟前杨大哥称赞了。
李四一周前被小王欺骗了。	李四被一周前小王欺骗了。
王小姐去年被小明批评了。	王小姐被去年小明批评了。
徐小姐三年前被张夫人批评了。	徐小姐被三年前张夫人批评了。
徐小姐几秒钟前被陈大姐照顾了。	徐小姐被几秒钟前陈大姐照顾了。
张婶三年前被刘先生约束了。	张婶被三年前刘先生约束了。
徐小姐两个月前被王先生称赞了。	徐小姐被两个月前王先生称赞了。
李先生前不久被宋女士批评了。	李先生被前不久宋女士批评了。
刘先生几秒钟前被宋女士批评了。	刘先生被几秒钟前宋女士批评了。
张夫人去年被何太太伤害了。	张夫人被去年何太太伤害了。
王小姐两个月前被小王原谅了。	王小姐被两个月前小王原谅了。
小王两个月前被宋女士批评了。	小王被两个月前宋女士批评了。
李四刚刚被小王表扬了。	李四被刚刚小王表扬了。
王五当时被冯大哥诽谤了。	王五被当时冯大哥诽谤了。
张婶最近被何太太照顾了。	张婶被最近何太太照顾了。
何太太过去被郑大妈称赞了。	何太太被过去郑大妈称赞了。
陈大姐近年被小王批评了。	陈大姐被近年小王批评了。
冯大哥刚刚被王大娘称赞了。	冯大哥被刚刚王大娘称赞了。
张夫人一周前被杨大哥呵斥了。	张夫人被一周前杨大哥呵斥了。
王大娘五分钟前被王先生表扬了。	王大娘被五分钟前王先生表扬了。
李四五分钟前被张先生约束了。	李四被五分钟前张先生约束了。
张先生不久前被李先生安慰了。	张先生被不久前李先生安慰了。
王大娘五分钟前被陈大姐表扬了。	王大娘被五分钟前陈大姐表扬了。
冯大哥过去被胡大爷提醒了。	冯大哥被过去胡大爷提醒了。
冯大哥去年被李四责备了。	冯大哥被去年李四责备了。
宋女士刚刚被李先生称赞了。	宋女士被刚刚李先生称赞了。
周大妈前不久被胡大爷嘉奖了。	周大妈被前不久胡大爷嘉奖了。
胡大爷两个月前被郑大妈夸奖了。	胡大爷被两个月前郑大妈夸奖了。
王先生前不久被吴太太伤害了。	王先生被前不久吴太太伤害了。
王姨刚刚被刘先生称赞了。	王姨被刚刚刘先生称赞了。
杨大哥最近被李太太称赞了。	杨大哥被最近李太太称赞了。
刘先生刚刚被王姨教育了。	刘先生被刚刚王姨教育了。
张夫人过去被宋女士教育了。	张夫人被过去宋女士教育了。
王先生五分钟前被陈大姐教育了。	王先生被五分钟前陈大姐教育了。
王姨两个月前被李先生约束了。	王姨被两个月前李先生约束了。
杨大哥一周前被王先生夸奖了。	杨大哥被一周前王先生夸奖了。
赵大爷最近被宋女士责备了。	赵大爷被最近宋女士责备了。
王姨一周前被何太太原谅了。	王姨被一周前何太太原谅了。
王姨刚刚被周大妈欺骗了。	王姨被刚刚周大妈欺骗了。
刘先生几秒钟前被小明控制了。	刘先生被几秒钟前小明控制了。
李四最近被王姨批评了。	李四被最近王姨批评了。
周大妈过去被张三诽谤了。	周大妈被过去张三诽谤了。
李太太前不久被张先生批评了。	李太太被前不久张先生批评了。
李四不久前被郑大妈控制了。	李四被不久前郑大妈控制了。
胡大爷过去被张先生约束了。	胡大爷被过去张先生约束了。
赵大爷刚刚被李四伤害了。	赵大爷被刚刚李四伤害了。
小王刚刚被吴太太欺负了。	小王被刚刚吴太太欺负了。
何太太最近被吴太太呵斥了。	何太太被最近吴太太呵斥了。
周大妈前不久被张夫人约束了。	周大妈被前不久张夫人约束了。
李四不久前被吴太太照顾了。	李四被不久前吴太太照顾了。
胡大爷三年前被张夫人奖励了。	胡大爷被三年前张夫人奖励了。
徐小姐一周前被杨大哥诽谤了。	徐小姐被一周前杨大哥诽谤了。
王五几秒钟前被小明夸奖了。	王五被几秒钟前小明夸奖了。
张先生近年被陈大姐控制了。	张先生被近年陈大姐控制了。
赵大爷当时被张婶批评了。	赵大爷被当时张婶批评了。
李先生当时被王姨批评了。	李先生被当时王姨批评了。
冯大哥过去被刘先生伤害了。	冯大哥被过去刘先生伤害了。
小王不久前被张先生照顾了。	小王被不久前张先生照顾了。
郑大妈一周前被王姨表扬了。	郑大妈被一周前王姨表扬了。
李四去年被李太太表扬了。	李四被去年李太太表扬了。
张夫人过去被王先生夸奖了。	张夫人被过去王先生夸奖了。
王姨几秒钟前被小王批评了。	王姨被几秒钟前小王批评了。
张三过去被张夫人批评了。	张三被过去张夫人批评了。
何太太过去被杨大哥批评了。	何太太被过去杨大哥批评了。
张先生过去被小明批评了。	张先生被过去小明批评了。
周大妈不久前被小明控制了。	周大妈被不久前小明控制了。
吴太太刚刚被小王提醒了。	吴太太被刚刚小王提醒了。
小明去年被张婶照顾了。	小明被去年张婶照顾了。
张先生过去被冯大哥夸奖了。	张先生被过去冯大哥夸奖了。
陈大姐刚刚被宋女士嘉奖了。	陈大姐被刚刚宋女士嘉奖了。
李先生过去被徐小姐奖励了。	李先生被过去徐小姐奖励了。
张先生前不久被李先生批评了。	张先生被前不久李先生批评了。
徐小姐两个月前被李太太表扬了。	徐小姐被两个月前李太太表扬了。
杨大哥前不久被宋女士约束了。	杨大哥被前不久宋女士约束了。
赵大爷近年被刘先生欺骗了。	赵大爷被近年刘先生欺骗了。
徐小姐一周前被李先生责备了。	徐小姐被一周前李先生责备了。
杨大哥刚刚被张先生欺骗了。	杨大哥被刚刚张先生欺骗了。
吴太太过去被冯大哥表扬了。	吴太太被过去冯大哥表扬了。
王姨不久前被周大妈约束了。	王姨被不久前周大妈约束了。
杨大哥三年前被陈大姐表扬了。	杨大哥被三年前陈大姐表扬了。
周大妈最近被王小姐伤害了。	周大妈被最近王小姐伤害了。
李四一周前被吴太太嘉奖了。	李四被一周前吴太太嘉奖了。
张婶前不久被张夫人欺负了。	张婶被前不久张夫人欺负了。
冯大哥刚刚被李太太批评了。	冯大哥被刚刚李太太批评了。
小王前不久被胡大爷伤害了。	小王被前不久胡大爷伤害了。
徐小姐三年前被张先生称赞了。	徐小姐被三年前张先生称赞了。
王大娘当时被何太太责备了。	王大娘被当时何太太责备了。
李太太最近被小王教育了。	李太太被最近小王教育了。
张三三年前被何太太嘉奖了。	张三被三年前何太太嘉奖了。
徐小姐最近被周大妈照顾了。	徐小姐被最近周大妈照顾了。
冯大哥不久前被徐小姐夸奖了。	冯大哥被不久前徐小姐夸奖了。
李太太三年前被胡大爷安慰了。	李太太被三年前胡大爷安慰了。
李四一周前被小明原谅了。	李四被一周前小明原谅了。
小明近年被宋女士责备了。	小明被近年宋女士责备了。
王五当时被张夫人约束了。	王五被当时张夫人约束了。
李四刚刚被刘先生嘉奖了。	李四被刚刚刘先生嘉奖了。
王姨当时被张婶教育了。	王姨被当时张婶教育了。
李先生当时被王先生伤害了。	李先生被当时王先生伤害了。
何太太两个月前被李太太奖励了。	何太太被两个月前李太太奖励了。
王小姐近年被郑大妈照顾了。	王小姐被近年郑大妈照顾了。
张婶当时被何太太呵斥了。	张婶被当时何太太呵斥了。
王大娘一周前被张婶表扬了。	王大娘被一周前张婶表扬了。
李四近年被陈大姐安慰了。	李四被近年陈大姐安慰了。
小明前不久被刘先生称赞了。	小明被前不久刘先生称赞了。
冯大哥两个月前被徐小姐表扬了。	冯大哥被两个月前徐小姐表扬了。
宋女士一周前被李太太嘉奖了。	宋女士被一周前李太太嘉奖了。
王大娘几秒钟前被周大妈原谅了。	王大娘被几秒钟前周大妈原谅了。
张三最近被吴太太伤害了。	张三被最近吴太太伤害了。
何太太前不久被冯大哥控制了。	何太太被前不久冯大哥控制了。
王小姐当时被李太太批评了。	王小姐被当时李太太批评了。
王小姐几秒钟前被郑大妈批评了。	王小姐被几秒钟前郑大妈批评了。
王五去年被小明夸奖了。	王五被去年小明夸奖了。
王小姐刚刚被王姨鼓励了。	王小姐被刚刚王姨鼓励了。
杨大哥当时被王姨伤害了。	杨大哥被当时王姨伤害了。
何太太前不久被胡大爷称赞了。	何太太被前不久胡大爷称赞了。
张夫人不久前被冯大哥嘉奖了。	张夫人被不久前冯大哥嘉奖了。
李太太过去被陈大姐奖励了。	李太太被过去陈大姐奖励了。
王小姐几秒钟前被王五打劫了。	王小姐被几秒钟前王五打劫了。
陈大姐前不久被刘先生批评了。	陈大姐被前不久刘先生批评了。
宋女士几秒钟前被周大妈鼓励了。	宋女士被几秒钟前周大妈鼓励了。
王五三年前被王姨称赞了。	王五被三年前王姨称赞了。
张夫人过去被王小姐嘉奖了。	张夫人被过去王小姐嘉奖了。
张三近年被张夫人夸奖了。	张三被近年张夫人夸奖了。
郑大妈两个月前被张夫人提醒了。	郑大妈被两个月前张夫人提醒了。
周大妈最近被王先生批评了。	周大妈被最近王先生批评了。
李四前不久被张三伤害了。	李四被前不久张三伤害了。
王五几秒钟前被杨大哥提醒了。	王五被几秒钟前杨大哥提醒了。
赵大爷最近被杨大哥称赞了。	赵大爷被最近杨大哥称赞了。
刘先生几秒钟前被郑大妈原谅了。	刘先生被几秒钟前郑大妈原谅了。
张婶前不久被宋女士鼓励了。	张婶被前不久宋女士鼓励了。
周大妈三年前被郑大妈控制了。	周大妈被三年前郑大妈控制了。
李四一周前被赵大爷批评了。	李四被一周前赵大爷批评了。
陈大姐过去被张婶欺骗了。	陈大姐被过去张婶欺骗了。
何太太当时被张先生欺负了。	何太太被当时张先生欺负了。
李四过去被王五责备了。	李四被过去王五责备了。
小王一周前被王大娘奖励了。	小王被一周前王大娘奖励了。
陈大姐最近被何太太夸奖了。	陈大姐被最近何太太夸奖了。
王姨最近被王先生提醒了。	王姨被最近王先生提醒了。
陈大姐五分钟前被杨大哥夸奖了。	陈大姐被五分钟前杨大哥夸奖了。
张先生几秒钟前被李四欺骗了。	张先生被几秒钟前李四欺骗了。
小王几秒钟前被张夫人表扬了。	小王被几秒钟前张夫人表扬了。
小明三年前被张夫人原谅了。	小明被三年前张夫人原谅了。
王先生近年被刘先生称赞了。	王先生被近年刘先生称赞了。
王五当时被张先生称赞了。	王五被当时张先生称赞了。
王大娘刚刚被李先生欺负了。	王大娘被刚刚李先生欺负了。
徐小姐当时被周大妈诽谤了。	徐小姐被当时周大妈诽谤了。
宋女士不久前被郑大妈批评了。	宋女士被不久前郑大妈批评了。
王五一周前被张婶称赞了。	王五被一周前张婶称赞了。
赵大爷刚刚被王姨批评了。	赵大爷被刚刚王姨批评了。
张婶五分钟前被王先生欺负了。	张婶被五分钟前王先生欺负了。
王小姐刚刚被小王呵斥了。	王小姐被刚刚小王呵斥了。
徐小姐一周前被冯大哥原谅了。	徐小姐被一周前冯大哥原谅了。
张夫人近年被何太太伤害了。	张夫人被近年何太太伤害了。
张婶近年被刘先生呵斥了。	张婶被近年刘先生呵斥了。
李太太过去被王先生称赞了。	李太太被过去王先生称赞了。
王小姐五分钟前被李四教育了。	王小姐被五分钟前李四教育了。
郑大妈两个月前被张夫人表扬了。	郑大妈被两个月前张夫人表扬了。
李四两个月前被王五批评了。	李四被两个月前王五批评了。
小王两个月前被张夫人原谅了。	小王被两个月前张夫人原谅了。
小王刚刚被宋女士批评了。	小王被刚刚宋女士批评了。
郑大妈五分钟前被王五称赞了。	郑大妈被五分钟前王五称赞了。
张婶前不久被杨大哥批评了。	张婶被前不久杨大哥批评了。
冯大哥过去被何太太照顾了。	冯大哥被过去何太太照顾了。
郑大妈当时被宋女士呵斥了。	郑大妈被当时宋女士呵斥了。
张夫人一周前被杨大哥欺负了。	张夫人被一周前杨大哥欺负了。
小明去年被张夫人欺负了。	小明被去年张夫人欺负了。
徐小姐五分钟前被胡大爷伤害了。	徐小姐被五分钟前胡大爷伤害了。
王姨去年被王先生原谅了。	王姨被去年王先生原谅了。
张婶几秒钟前被小明夸奖了。	张婶被几秒钟前小明夸奖了。
周大妈五分钟前被何太太原谅了。	周大妈被五分钟前何太太原谅了。
徐小姐三年前被杨大哥批评了。	徐小姐被三年前杨大哥批评了。
李四五分钟前被小王责备了。	李四被五分钟前小王责备了。
张婶几秒钟前被张先生提醒了。	张婶被几秒钟前张先生提醒了。
张夫人刚刚被刘先生夸奖了。	张夫人被刚刚刘先生夸奖了。
王姨五分钟前被张夫人称赞了。	王姨被五分钟前张夫人称赞了。
张先生刚刚被李太太打劫了。	张先生被刚刚李太太打劫了。
王五几秒钟前被张夫人批评了。	王五被几秒钟前张夫人批评了。
张先生近年被杨大哥伤害了。	张先生被近年杨大哥伤害了。
小王几秒钟前被李太太欺负了。	小王被几秒钟前李太太欺负了。
刘先生一周前被冯大哥控制了。	刘先生被一周前冯大哥控制了。
李先生当时被王小姐表扬了。	李先生被当时王小姐表扬了。
杨大哥刚刚被张三奖励了。	杨大哥被刚刚张三奖励了。
张先生几秒钟前被张夫人夸奖了。	张先生被几秒钟前张夫人夸奖了。
王先生去年被徐小姐批评了。	王先生被去年徐小姐批评了。
李太太三年前被徐小姐伤害了。	李太太被三年前徐小姐伤害了。
陈大姐两个月前被徐小姐批评了。	陈大姐被两个月前徐小姐批评了。
小王近年被王小姐诽谤了。	小王被近年王小姐诽谤了。
小王当时被何太太伤害了。	小王被当时何太太伤害了。
王大娘过去被刘先生提醒了。	王大娘被过去刘先生提醒了。
陈大姐前不久被胡大爷批评了。	陈大姐被前不久胡大爷批评了。
小王过去被宋女士伤害了。	小王被过去宋女士伤害了。
小王近年被王小姐责备了。	小王被近年王小姐责备了。
小明过去被李四照顾了。	小明被过去李四照顾了。
周大妈不久前被郑大妈称赞了。	周大妈被不久前郑大妈称赞了。
小明不久前被陈大姐责备了。	小明被不久前陈大姐责备了。
郑大妈近年被周大妈责备了。	郑大妈被近年周大妈责备了。
何太太当时被冯大哥打劫了。	何太太被当时冯大哥打劫了。
李先生当时被张三照顾了。	李先生被当时张三照顾了。
小明两个月前被张婶批评了。	小明被两个月前张婶批评了。
小明五分钟前被杨大哥伤害了。	小明被五分钟前杨大哥伤害了。
陈大姐几秒钟前被徐小姐欺骗了。	陈大姐被几秒钟前徐小姐欺骗了。
杨大哥一周前被赵大爷鼓励了。	杨大哥被一周前赵大爷鼓励了。
赵大爷一周前被小明责备了。	赵大爷被一周前小明责备了。
周大妈不久前被杨大哥批评了。	周大妈被不久前杨大哥批评了。
张三去年被王小姐夸奖了。	张三被去年王小姐夸奖了。
李先生两个月前被小明表扬了。	李先生被两个月前小明表扬了。
胡大爷不久前被张婶称赞了。	胡大爷被不久前张婶称赞了。
小明不久前被王大娘诽谤了。	小明被不久前王大娘诽谤了。
徐小姐两个月前被王五奖励了。	徐小姐被两个月前王五奖励了。
胡大爷两个月前被王五嘉奖了。	胡大爷被两个月前王五嘉奖了。
王先生去年被宋女士称赞了。	王先生被去年宋女士称赞了。
周大妈近年被李先生表扬了。	周大妈被近年李先生表扬了。
赵大爷五分钟前被王先生称赞了。	赵大爷被五分钟前王先生称赞了。
陈大姐刚刚被周大妈鼓励了。	陈大姐被刚刚周大妈鼓励了。
王小姐五分钟前被胡大爷欺骗了。	王小姐被五分钟前胡大爷欺骗了。
王小姐一周前被小明批评了。	王小姐被一周前小明批评了。
王五当时被王姨照顾了。	王五被当时王姨照顾了。
刘先生两个月前被宋女士诽谤了。	刘先生被两个月前宋女士诽谤了。
徐小姐过去被小王责备了。	徐小姐被过去小王责备了。
王先生一周前被小明夸奖了。	王先生被一周前小明夸奖了。
何太太几秒钟前被刘先生批评了。	何太太被几秒钟前刘先生批评了。
何太太三年前被宋女士控制了。	何太太被三年前宋女士控制了。
李四当时被陈大姐呵斥了。	李四被当时陈大姐呵斥了。
赵大爷过去被王小姐表扬了。	赵大爷被过去王小姐表扬了。
张夫人三年前被冯大哥约束了。	张夫人被三年前冯大哥约束了。
胡大爷当时被赵大爷呵斥了。	胡大爷被当时赵大爷呵斥了。
胡大爷几秒钟前被张先生批评了。	胡大爷被几秒钟前张先生批评了。
王大娘不久前被王五称赞了。	王大娘被不久前王五称赞了。
张三三年前被王大娘批评了。	张三被三年前王大娘批评了。
李四不久前被徐小姐照顾了。	李四被不久前徐小姐照顾了。
小明前不久被宋女士呵斥了。	小明被前不久宋女士呵斥了。
杨大哥刚刚被小王责备了。	杨大哥被刚刚小王责备了。
胡大爷近年被郑大妈批评了。	胡大爷被近年郑大妈批评了。
张先生刚刚被李太太呵斥了。	张先生被刚刚李太太呵斥了。
张先生五分钟前被赵大爷照顾了。	张先生被五分钟前赵大爷照顾了。
小明过去被冯大哥安慰了。	小明被过去冯大哥安慰了。
小王近年被陈大姐批评了。	小王被近年陈大姐批评了。
王先生不久前被张夫人原谅了。	王先生被不久前张夫人原谅了。
王姨去年被赵大爷嘉奖了。	王姨被去年赵大爷嘉奖了。
王小姐两个月前被宋女士提醒了。	王小姐被两个月前宋女士提醒了。
胡大爷两个月前被张夫人夸奖了。	胡大爷被两个月前张夫人夸奖了。
冯大哥过去被王小姐原谅了。	冯大哥被过去王小姐原谅了。
吴太太五分钟前被李四欺负了。	吴太太被五分钟前李四欺负了。
徐小姐前不久被王姨提醒了。	徐小姐被前不久王姨提醒了。
王五两个月前被宋女士原谅了。	王五被两个月前宋女士原谅了。
徐小姐三年前被刘先生控制了。	徐小姐被三年前刘先生控制了。
周大妈三年前被张夫人原谅了。	周大妈被三年前张夫人原谅了。
郑大妈五分钟前被刘先生伤害了。	郑大妈被五分钟前刘先生伤害了。
张先生去年被王大娘欺骗了。	张先生被去年王大娘欺骗了。
王先生最近被王大娘欺负了。	王先生被最近王大娘欺负了。
李太太最近被小明批评了。	李太太被最近小明批评了。
王先生当时被王小姐安慰了。	王先生被当时王小姐安慰了。
张三两个月前被小明批评了。	张三被两个月前小明批评了。
李四当时被王大娘奖励了。	李四被当时王大娘奖励了。
王五过去被陈大姐表扬了。	王五被过去陈大姐表扬了。
王小姐三年前被陈大姐呵斥了。	王小姐被三年前陈大姐呵斥了。
小王一周前被小明批评了。	小王被一周前小明批评了。
杨大哥近年被王小姐教育了。	杨大哥被近年王小姐教育了。
小王去年被李太太奖励了。	小王被去年李太太奖励了。
王姨两个月前被李太太称赞了。	王姨被两个月前李太太称赞了。
